:020000040800F2
:10000000F860002095030008C35F00084746000819
:10001000C15F0008131F0008BD7500080000000044
:10002000000000000000000000000000D5020008F1
:10003000E91F00080000000031030008D16D00082E
:10004000AF030008AF030008AF030008AF030008C8
:10005000AF030008AF030008AF030008AF030008B8
:10006000AF030008AF030008AF030008151F000826
:10007000AF030008AF030008AF030008AF03000898
:10008000211F00082D1F0008AF030008AF03000860
:10009000AF030008AF030008AF030008AF03000878
:1000A000AF030008AF030008AF030008AF03000868
:1000B000AF030008AF030008AF030008554600086F
:1000C00049460008AF030008AF030008AF0300086B
:1000D000AF030008AF030008B1750008AF030008C4
:1000E000AF030008AF030008AF030008AF03000828
:1000F000AF030008916E0008AF030008391F000825
:10010000AF030008AF030008AF030008AF03000807
:10011000AF030008AF030008AF030008AF030008F7
:10012000AF030008AF030008AF030008AF030008E7
:10013000AF030008AF030008AF030008AF030008D7
:10014000AF030008AF030008AF030008AF030008C7
:10015000AF030008AF030008AF030008AF030008B7
:10016000AF030008AF030008AF030008AF030008A7
:10017000AF030008AF030008AF0300080000000051
:10018000AF030008AF03000800F002F800F092F897
:100190000AA090E8000C82448344AAF10107DA45E2
:1001A00001D100F087F8AFF2090EBAE80F0013F0A2
:1001B000010F18BFFB1A43F001031847A4A8000061
:1001C000C4A80000103A24BF78C878C1FAD85207F2
:1001D00024BF30C830C144BF04680C6070470000C1
:1001E0000023002400250026103A28BF78C1FBD840
:1001F000520728BF30C148BF0B6070476E2900F01E
:10020000BD82702900F0078466290AF07982652989
:100210000AF0768267290AF0738261290AF07282F5
:1002200003681B0A28BF41F08001692900F06A8237
:10023000642900F06782752900F064826F2900F05C
:100240009483782900F0D383E92900F02F83E429EF
:1002500000F02C83F52900F02983EF2900F0918329
:10026000F82900F0D2830368DB0928BF41F0800140
:10027000632901F00B81732901F01081E32901F05A
:100280001B81F32901F02081002070471FB50AF07F
:1002900032FA01F06FF90400002000210AF09EF903
:1002A000401C6060002000210AF082F9E0601FBD60
:1002B00010B510BD01F030F91146FFF7E7FF08F067
:1002C00089F901F00DFA03B4FFF7F2FF03BC01F066
:1002D00051FA00002C4B19680868B0E8F04F80F321
:1002E0000988BFF36F8F4FF0000080F311887047CB
:1002F0000000000008480068006880F308884FF09C
:10030000000080F3148862B661B6BFF34F8FBFF36D
:100310006F8F00DF00BF00BF08ED00E0DFF80C00CA
:10032000016841F470010160704700BF88ED00E092
:10033000EFF30980BFF36F8F134B1A681EF0100F95
:1003400008BF20ED108A20E9F04F106009B44FF08B
:10035000500080F31188BFF34F8FBFF36F8F09F008
:100360002DFA4FF0000080F3118809BC1968086865
:10037000B0E8F04F1EF0100F08BFB0EC108A80F309
:100380000988BFF36F8F70478C000020EFF3058062
:10039000704700000948804709480047FEE7FEE72C
:1003A000FEE7FEE7FEE7FEE7FEE7FEE7FEE7FEE725
:1003B00004480549054A064B70470000816E000855
:1003C00089010008F85A0020F8600020F85C00203D
:1003D000F85C002053EA020C00F069802DE9F04B34
:1003E0004FF00006002B1FBFB3FA83F503FA05F4A4
:1003F00024FA05F65E4012BF1643B2FA82F502FAFD
:1004000005F4C5F120051EBF22FA05FC44EA0C04E0
:10041000203556EA044C4FEA144418BF641C4FF0D0
:1004200000084FF00009904271EB030C39D300290A
:1004300019BFB1FA81F701FA07F6B0FA80F700FAAE
:1004400007F6C7F120071EBF20FA07FC46EA0C0694
:100450002037B6FBF4FCA7EB0507103F07F01F0B96
:10046000CBF120060CFA0BFB2CFA06F644BFB34680
:100470000026202FA4BF5E464FF0000B5BEA060C5F
:1004800008BF4FF0010B19EB0B09ABFB027C48EBEB
:100490000608C01B06FB02CC0BFB03CC71EB0C0166
:1004A000C1E70B46024641464846BDE8F08B13B50E
:1004B0004FF000004FF00001AFF30080BDE81C409A
:1004C000704700007CB51D4616460C00009001D018
:1004D0002044401E074B7B442A4669460190304623
:1004E00000F065F905461CB10020694600F072F97C
:1004F00028467CBD05030000032A40F2308010F03E
:10050000030C00F0158011F8013BBCF1020F6244AE
:1005100098BF11F801CB00F8013B38BF11F8013B3F
:10052000A2F1040298BF00F801CB38BF00F8013BEC
:1005300011F0030300F03E83083AC0F0088051F840
:10054000043B083A51F804CBA0E80810F5E7121D67
:100550005CBF51F8043B40F8043BAFF30080D20786
:1005600024BF11F8013B11F801CB48BF11F8012B52
:1005700024BF00F8013B00F801CB48BF00F8012B75
:10058000704702F0FF0343EA032242EA024200F00E
:1005900002B84FF000020429C0F0128010F0030CE2
:1005A00000F01B80CCF1040CBCF1020F18BF00F866
:1005B000012BA8BF20F8022BA1EB0C0100F00DB815
:1005C0005FEAC17C24BF00F8012B00F8012B48BF73
:1005D00000F8012B70474FF0000200B51346944617
:1005E0009646203922BFA0E80C50A0E80C50B1F18B
:1005F0002001BFF4F7AF090728BFA0E80C5048BF9F
:100600000CC05DF804EB890028BF40F8042B08BF3C
:10061000704748BF20F8022B11F0804F18BF00F838
:10062000012B704770477047704710B500F0F4FA1F
:10063000006810BD10B5044600F0EEFA046010BD6D
:1006400070B5044685690068C10601D5302600E012
:100650002026C00707D070BDD4E90121304690475D
:10066000206A401C20626D1EF6D570BD70B5044630
:1006700085690078C00707D170BDD4E90121202029
:100680009047206A401C20626D1EF6D570BD096837
:100690004A0501D540B27047C905FCD500B2704784
:1006A00009684A0501D5C0B27047C905FCD580B2BA
:1006B000704770B50C460546012A05D0287880069B
:1006C00000D5EA69002302E0012305E05B1C9342A8
:1006D00002D2E05C0028F9D1A869E618C01AA86126
:1006E000286A184428622846FFF7AAFF04E0D5E9E3
:1006F000012114F8010B9047B442F8D32846FFF7C4
:10070000B5FF70BD2DE9F04106460024106875293B
:10071000314616A510D0FFF7BAFF002802DA404292
:1007200013A507E031688A0701D512A502E0490741
:1007300004D511A5012401E0FFF7B2FF00210A2230
:1007400006F1240709E0B0FBF2FCB0FBF2F302FB78
:100750001C00303078541846491C0028F3D1234639
:100760002A463046BDE8F04100F09FBA0000000084
:100770002D0000002B00000020000000116802681E
:10078000006A530501D508700AE0D30501D5088039
:1007900006E0130603D5C217C1E9000200E00860B5
:1007A0000120704701694A1C02610878704700B552
:1007B0008FB0CDE901310021059105497944CDE99A
:1007C00003101146684600F031F90FB000BD00007B
:1007D000E5FFFFFF0A6802F8010B0A607047D1E9E4
:1007E00000239A4202D2531C0B6010707047000025
:1007F0002DE9FF5F15468A460446DFF8AC80F844D1
:100800000027D8E900103E46CDE9001010E03AF884
:1008100016106A4602A800F05BFE411C07D0217842
:10082000890603D5E269391891420DD80744761C30
:100830002078800602D5E069B84205DDAE42E6DBED
:100840003AF816000028E2D1A069C01BA06120463A
:10085000FFF7F6FED8E90010CDE90010002017E000
:100860003AF818106A4602A800F032FEB0F1FF3FD5
:1008700081460BD000250DF1080B05E0D4E90121DC
:100880001BF8050090476D1C4D45F7D308F101009A
:10089000B0428046E4DB206A384420622046FFF7FD
:1008A000E5FEBDE8FF9F000032A000002DE9F04109
:1008B0008046D21D22F007020025D2E90002F52968
:1008C00015A614D0011E72F1000106DA0023D0EB48
:1008D000030063EB020211A608E0D8F800108B07B2
:1008E00001D50FA602E0490701D50EA60125114644
:1008F000002408F1240704E000F092F930323A5560
:10090000641C50EA0102F7D12B463246214640468C
:10091000BDE8F04100F0C9B9000000002D00000062
:100920002B0000002000000030B4002100F124045E
:1009300008E002F00705D208303542EA4372DB08CE
:100940006554491C52EA0305F3D10468002310A240
:10095000250707D5A40600D421B1C46901230DA23F
:10096000641EC46130BC00F0A0B910B50446214635
:100970001068FFF795FE02462046BDE810400023B0
:10098000D2E7D21D22F00701D1E90023CCE7000015
:100990000000000030000000F0B40D460188090599
:1009A00002D5214C7C4402E01F4C7C440E340021D3
:1009B00000F1240608E002F00F071209E75D42EAA1
:1009C00003721B097754491C52EA0307F3D10278DA
:1009D0000023120704D5702D06D009B1022311346B
:1009E0002246F0BC00F061B901231034F8E770B57D
:1009F00004460D4621461068FFF752FE024629467E
:100A00002046BDE870400023C6E7D21D22F0070350
:100A1000D3E90023C0E70368126843F020030360B2
:100A20000823C3610023B7E7949E00002DE9F05F1F
:100A3000894604464FF0000ADFF874B1FB44C0F861
:100A400020A02046E1688847002874D0252806D0D9
:100A5000D4E901219047206A401C2062F1E700267A
:100A60005F462046E16888472028054607DB312D90
:100A700005D2781910F8200C08B10643F1E7B00749
:100A800001D526F00406C4F81CA00027C4F818A05D
:100A90002A2D09D0284607F071F938B304EB8708EE
:100AA000303DC8F8185019E059F8041B204604EBF3
:100AB00087029161E1688847012F054618D1E069F6
:100AC000002820DA26F020061DE0D8F8180000EBF8
:100AD000800005EB40003038C8F818002046E16877
:100AE0008847054607F04AF90028EED1012F0AD0C1
:100AF0002E2D08D12046E16888477F1C0546022F2D
:100B000046F02006C4DBA069002803DA404246F024
:100B10000106A061F00701D026F010066C2D0BD065
:100B2000682D09D04C2D39D06A2D35D0742D35D093
:100B30007A2D33D016E038E0E1682F46204688470A
:100B4000B842054609D16C2F26D04FF48060E16889
:100B5000064320468847054604E06C2F1AD04FF420
:100B6000807006430DB3A5F14100192802D8203545
:100B700046F400664A462946204626604E46FFF760
:100B80003DFB80B101280BD0F61D26F0070000F1D7
:100B9000080956E74020E4E78020D8E70020D6E7A0
:100BA00006F104094DE7284652E7206ABDE8F09FA8
:100BB000249E000010B5203AC0F00B80B1E8185018
:100BC000203AA0E81850B1E81850A0E81850BFF437
:100BD000F5AF5FEA027C24BFB1E81850A0E81850D6
:100BE00044BF18C918C0BDE810405FEA827C24BF2A
:100BF00051F8043B40F8043B08BF7047D20728BFB8
:100C000031F8023B48BF11F8012B28BF20F8023B06
:100C100048BF00F8012B704700487047945A0020E5
:100C200030B5B0F10A024FEA900E71F100034EEABE
:100C3000817EB0EB0E0061EB91014FEA101E4EEA8F
:100C4000017E10EB0E0041EB11114FEA102E4EEA1F
:100C5000016E10EB0E0041EB11214FEA104E4EEAEF
:100C6000014E10EB0E0041EB1141401841F1000123
:100C70004FEAD00040EA41704FEAD10110EB800505
:100C80004FEA810444EA907444EB01046D1944EB8B
:100C90000404521BA3414FF0000348BF0A3200D5A1
:100CA00030BD401C41F1000130BD2DE9F0470D463B
:100CB00099469246044600F124080168880604D546
:100CC000E06921F01001216000E00120A84201DD6F
:100CD000471B00E00027A1697A1902EB0900081AF6
:100CE000A0612078C00602D42046FFF7A9FC0026A8
:100CF00008E0D4E901211AF806009047206A401C58
:100D0000761C20624E45F4DB2078C0060AD52046CA
:100D1000FFF796FC06E0D4E9012130209047206AD5
:100D2000401C2062381EA7F10107F4DC07E0D4E97B
:100D3000012118F805009047206A401C2062281EF7
:100D4000A5F10105F3DC2046FFF790FC20780006B2
:100D500002D50220BDE8F0870120FBE770472DE9AE
:100D6000FF4F0C461E464FF0FF378BB0D2E9000113
:100D7000DDF860800A908A46C1F30A5505B93D4600
:100D8000002108464FF00000BAF1000F00F44000C7
:100D900005DA00EB80004FF4400101EA50004FEA11
:100DA0009059B9F1010F00DDB9460A9850EA4A009E
:100DB0000ED044F61050A5F2FF3545432F14B8F17C
:100DC000000F1ED07542291E1EDDC9F100021CE075
:100DD000B8F1010F4FF0000001D0302103E0F243E1
:100DE00005E02154401CB042FBDB304600220021CC
:100DF00021540B99C1F80880C1E900200FB0BDE86B
:100E0000F08FBD1B6D1CDEE74A4600DA694206A87A
:100E100000F0F4FB06AB93E8070003AB83E80700A0
:100E200050460A9900F0ADFC8DE80700A0F500508F
:100E30001F3800900398002D0ADD42F21F014A4638
:100E40000844002303A90390684600F016FF09E058
:100E5000A0F500504A461F38002303A903906846B6
:100E600000F020FF8DE807000004000C03D04FF0D5
:100E7000FF30410800E01046B8F1000F03D0002217
:100E8000009215461EE0751E05D4FFF7C9FE3032EC
:100E900062556D1EF9D5B3460122084302D00022E7
:100EA0007F1C04E02078302801D100227F1E002A18
:100EB000099784D01DE0112D07DAFFF7B1FE30321B
:100EC00062556D1C50EA0102F5D1084302D000982A
:100ED000C8B10EE00021681E05E0235C625C63542B
:100EE0002254401E491C8142F7DBAB46A81B401E22
:100EF0000990002004F80B000B98099AC0F80880AC
:100F0000C0E9002B7AE711264FF0000857E72DE9DA
:100F1000F04F88460446D21D22F0070191B0D1E976
:100F20000001CDE90A0106F04AFB02460B98C00F0A
:100F300001D02D2007E02068810701D52B2002E099
:100F4000202101EAC000032A099001D0072A05DB0D
:100F500003464146204600F011FB0BE12078800655
:100F600001D5E06900E00620B8F1650F814606D0A2
:100F7000B8F1660F18D0B8F1670F70D131E00020DA
:100F8000B9F1110F009001DB112301E009F1010318
:100F90000AAA01A90CA8FFF7E2FEDDE90C70002601
:100FA00009F10105834647E001204B4600904FF0D0
:100FB00000470AAA01A90CA8FFF7D1FEDDE90DB090
:100FC0000C995D46002610B909F101000D18B9EB26
:100FD000050003D4C0F1FF3609F10105A5EB0900B6
:100FE0002BE0B9F1010F01DA4FF001090020B9F14E
:100FF000110F0090484601DD112300E003460AAAC4
:1010000001A90CA8FFF7ABFEDDE90C704D460026E8
:101010008346207800070AD4AB4500DA5D4601A874
:10102000012D04DD411911F8011C302907D04F456D
:1010300002DA17F1040F04DA012082460FE06D1E78
:10104000EEE7002F02DCED1B3E4403E0781CA842D3
:1010500000DD7D1CB81B00F1010A4FF0004720782D
:10106000000703D4AA4501DB4FF0FF3A0021B7F196
:10107000004F0DF143088DF8431024D002202B239C
:10108000002F01DA7F422D230A21021EA0F1010068
:1010900000DC5FB197FBF1FC97FBF1F201FB1C7CDC
:1010A00017460CF1300C08F801CDEEE7A8F101006D
:1010B00003702188090501D5452100E06521A0F1D3
:1010C000010800F8011C09980FA9A1EB0807FF1DF2
:1010D00000B10120411901EBEA70A1693844081AF6
:1010E000401EA0612078C00602D42046FFF7A8FA6F
:1010F000099828B1D4E901219047206A401C206258
:101100002078C00622D52046FFF79AFA1EE0002E6E
:1011100004DBB34502DD01A8805D00E03020D4E9A6
:1011200001219047206A401C2062761CAAF1010030
:101130005FEA000A0AD100F01DFAC0680168405C4D
:10114000D4E901219047206A401C2062281EA5F1A5
:101150000105DCDC07E0D4E9012118F8010B904718
:10116000206A401C2062381EA7F10107F3DC2046EC
:10117000FFF77CFA032011B041E600002DE9F04FA3
:1011800004460D46D21D22F0070089B0D0E9009731
:101190004846394606F013FA0246F80F01D02D23CF
:1011A00007E02068810701D52B2302E0202101EA16
:1011B000C0038DF820300BB1012000E00020032A8D
:1011C000824601D0072A04DB2946204600F0D6F9E2
:1011D0003FE12078800601D40D2500E0E569C7F3E2
:1011E0000A560D2D49DA00214FEA175B08464FF0E9
:1011F0000000002F00F4400007DA00EB80004FF4FD
:10120000400100EBD07001EA60008115012901DD89
:101210004FF0FF3100224FEA850CBCF1180F06D3C6
:101220001346ACF118004FF08052C24003E04FF477
:10123000801323FA0CF30CF10C0CBCF1200F04D337
:10124000ACF1200C09FA0CF001E007FA0CF00029CF
:101250004FF0004801DD18B90FE00ED140450CD326
:1012600019EB02095F4121B9404502D19F4329EAA8
:101270000209BBEB175F00D0761C2088000502D561
:101280007B48784402E07A487844193808AA302329
:1012900002F80A30037C0AF10101002E0AF1020A69
:1012A00053546A4602DC4FF0300101E04FF0310147
:1012B0004FF001088DF8001002D0A6F2FF3603E0CF
:1012C00059EA470100D06B4E002D02DC2178090756
:1012D00004D54FF002082E218DF80110C4460021DC
:1012E0000BE0C7F303433F01C35C491C6D1E02F8CA
:1012F0000830052908F1010801DA002DF1DC002190
:101300000CE000EB1973491C1B786D1E082902F8CC
:1013100008304FEA091908F1010801DA002DF0DC64
:1013200021688B0602D516E0A8F10108E04505DD2D
:1013300002EB080313F8013C302BF5D0B8F1000F95
:1013400009DD02EB080313F8013C2E2B03D109073A
:1013500001D4A8F10108002D05DD3E2102F8081096
:101360006D1E08F10108407C002E02F8080008F10B
:10137000010804DA2D20764202F8080002E02B2052
:1013800002F808000A214FF47A70864208F1010839
:101390000BDB96FBF0F3303302F8083096FBF0F3EA
:1013A00008F1010800FB136601E0642E0CDB6420E9
:1013B00096FBF0F3303302F8083096FBF0F308F1B7
:1013C000010800FB136601E00A2E06DB96FBF1F034
:1013D000303002F8080008F1010896FBF1F001FB3B
:1013E0001060303002F80800A16908F1010808EB2C
:1013F000050202EB0A00081AA0612078C00602D498
:101400002046FFF71DF9216A08AE01EB0A002062B1
:1014100004E0D4E9012116F8010B9047BAF1010A62
:10142000F7D22078C00602D52046FFF709F96E46AC
:1014300009E016F8010B3E280FD0D4E901219047AE
:10144000206A401C2062B8F10108F2D22046FFF762
:101450000DF909B00320BDE8F08F206A284420620E
:1014600003E0D4E90121302090476D1EEBD3F8E76B
:101470002596000002FCFFFF10B5436913B1AFF3DE
:10148000008001E0FFF715F9012010BD127800F18E
:1014900024010A7000224A700122EDE711684FF022
:1014A000FF32E9E710B5436913B1AFF3008001E003
:1014B000FFF79EF9012010BD128800F124018284FB
:1014C0000022C2840122EDE711684FF0FF32E9E704
:1014D00070B516460C46054600F044F8036893F8CC
:1014E0000101012806D0FF2C0FD8185D68B101203A
:1014F0002C7070BDD3F807013246214603F2071362
:1015000003442846BDE8704018474FF0FF3070BDD7
:1015100000487047945A00207546FFF7F9FFAE4621
:1015200005006946534620F00700854618B020B5EF
:10153000FEF73EFFBDE820404FF000064FF00007E9
:101540004FF000084FF0000B21F00701AC46ACE86B
:10155000C009ACE8C009ACE8C009ACE8C0098D46D8
:101560007047000010B500F005F8001D10BD00BF69
:101570006D90000000487047B45A00202DE9F041FA
:101580001F46044603260168072A01F4006004DBB5
:1015900008B116A505E016A503E008B115A500E001
:1015A00015A521F010002060A069C01EA0610FB138
:1015B000401EA0612046FFF743F84FB1D4E9012156
:1015C00038469047206A401C2062C01C206206E01A
:1015D000206AFAE7D4E9012115F8010B9047761E3D
:1015E000F8D22046FFF742F8BDE8F0814E414E00A8
:1015F0006E616E00494E4600696E66002DE9F04747
:10160000814616468AB0354878440DC88DE80D00ED
:1016100032487844801C03AC0DC884E80D0041F6C4
:101620009B300844372190FBF1F290FBF1F5A5F1D6
:10163000800501FB12041B3C02D56442012000E03E
:101640000020DFF898A080460027FA44AAF1BE0ADD
:101650000EE0E0070AD03246684607EB4701012357
:101660000AEB810100F01EFB8DE8070064107F1C6F
:10167000002CEED1194F7F44AE3F19E0E80715D09A
:1016800007EB04100DF1180A90E80E008AE80E002E
:10169000C068F04201D1981908903246012306A98A
:1016A00003A800F0FFFA03AB83E807006D10641C89
:1016B000002DE3D14FF0010332466946B8F1000F27
:1016C00003A802D000F0D9FA01E000F0EBFAC9E972
:1016D0000001C9F808200AB0BDE8F0873093000087
:1016E00010B50446AFF300802046BDE81040FEF779
:1016F000EABD00004FF0013C50F8042B51F8043BC8
:101700009A4221D1A2EB0C03934313EACC1317D1D5
:1017100050F8042B51F8043B9A4215D1A2EB0C036C
:10172000934313EACC130BD150F8042B51F8043B2C
:101730009A4209D1A2EB0C03934313EACC13DBD0FA
:101740004FF00000704700BFD01A01BAB1FA81F122
:1017500001F0180122FA01F0CB40C1F12001DBB207
:10176000C0B2C01A2CFA01F3D11A914311EAC31185
:10177000E6D1704701491820ABBEFEE72600020003
:1017800070475FEA400C08BF91F0000F4FEA8C23CE
:101790004FEAC12243EA51514FEA1C5018BF00F5ED
:1017A000F0404FEA300018BF41F000415FEA6C5C46
:1017B00000F02980BCF1FF3F08BF40F08040704737
:1017C000130C06BF12044FF0100C4FF0000C130E58
:1017D00004BF12020CF1080C130F04BF12010CF12C
:1017E000040C930F04BF92000CF1020CD30F04BF42
:1017F00052000CF1010C11464FF00002A0F11F0045
:10180000A0EB0C00704711F0004F08BF704731F09B
:1018100000413FF4D5AF0B0C06BF09044FF0100C8C
:101820004FF0000C0B0E04BF09020CF1080C0B0F5B
:1018300004BF09010CF1040C8B0F04BF89000CF1EB
:10184000020CCB0F04BF49000CF1010CCCF12003BA
:10185000A0EB0C0022FA03F302FA0CF241EA0301B6
:1018600000F10100704720F07F4C80EA030023F074
:101870007F47ACEB070303F57C5300F0004003F116
:10188000FF032DE980494FEA154B09B44FEA144391
:1018900025EA0B4E24EA03480FF2042606EB132731
:1018A00049083E785FEA320203FB0667C7F5000786
:1018B00007FB06F64FEA54374FEAD64606F1020612
:1018C00007FB066CCCF1005C4FEA1C472CEA074C86
:1018D00007FB06F40CFB06F504EB15464FEA9616DB
:1018E00034BF00204FF000404FEAD13706FB07FC21
:1018F0004FEA1C4C0CFB0BF7D21B03FB0CF761EB04
:1019000007010CFB0EF7B0EB074072EB17420CFB24
:1019100008F734BFA2EB0742B2EB074261EB174175
:101920004FEA0C444FEA910706FB07FC4FEA1C4CB8
:101930000CFB0BF7B0EBC74072EB573203FB0CF715
:1019400034BFA2EBC742B2EBC74261EB57310CFB8D
:101950000EF7B0EBC70072EB57720CFB08F734BF01
:10196000A2EBC702B2EBC70261EB5771039F4FEACC
:10197000816141EA921104EBCC044FEAD1374FEA7E
:10198000826206FB07FC42EA90124FEA80604FEA4F
:101990001C4C0CFB0BF7D21B03FB0CF761EB070194
:1019A0000CFB0EF7B0EB074072EB17420CFB08F78D
:1019B00034BFA2EB0742B2EB074261EB17414FEA9B
:1019C0008C554FEA910704EB9C2406FB07FC4FEA79
:1019D0001C4C0CFB0BF7B0EBC74072EB573203FB10
:1019E0000CF734BFA2EBC742B2EBC74261EB5731F1
:1019F0000CFB0EF7B0EBC70072EB57720CFB08F74D
:101A000034BFA2EBC702B2EBC70261EB577115EB13
:101A10004C254FEA816141EA92114FEA82624FEA16
:101A2000D13742EA901206FB07FC44F100044FEA6A
:101A300080604FEA1C4C0CFB0BF7D21B03FB0CF72E
:101A400061EB07010CFB0EF7B0EB074072EB17429E
:101A50000CFB08F734BFA2EB0742B2EB074261EB85
:101A6000174115EB1C154FEA813141EA92414FEACB
:101A7000823242EA90424FEA80304FEA0C7644F1DB
:101A8000000448EA03434EEA0B484FF0000EB2EB65
:101A9000080C71EB030724BF624639464EEB0E0E6D
:101AA0004FF0000B0018524149414BEB0B0BB2EBCE
:101AB000080C71EB03077BF1000B24BF624639462B
:101AC0004EEB0E0E4FF0000B0018524149414BEB0C
:101AD0000B0BB2EB080C71EB03077BF1000B24BF7F
:101AE000624639464EEB0E0E51EA020718BF46F029
:101AF000010616EB0E7655F1000254F1000103D5F4
:101B0000BDE88901BDE80088BDE88901BDE800485D
:101B1000B619524141EB0101A3F1010370478080E6
:101B20007F7E7D7C7B7A7978777676757473727137
:101B300071706F6E6E6D6C6C6B6A6A6968686766EF
:101B400066656464636362616160605F5F5E5E5D81
:101B50005D5C5C5B5B5A5A595958585757565655F5
:101B600055555454535352525251515050504F4F57
:101B70004F4E4E4D4D4D4C4C4C4B4B4B4A4A4A49A7
:101B800049494848484747474746464645454544EA
:101B90004444444343434342424242414141002B77
:101BA0009C4630D477002BD01CB54FEA370703B4DE
:101BB0004FF010004FF01001BAF1000F06D0BCF149
:101BC000000FDCBF40F0080040F008014FF00000BB
:101BD0000FBCBDE810400BF1010BBBF1010F08BFBA
:101BE0005FEA170722BF12F1010211F101014FF064
:101BF000004143F1000300F0004043EA0000704759
:101C0000F9D35708D0E746EA064613F1400F4FEAEA
:101C100016461FDD13F1200FDFBF16430A460021D1
:101C200020335B42BED0C3F1200746EA064602FAE3
:101C300007F74FEA164646EA0706C3F1200722FADD
:101C400003F201FA07F721FA03F14FF0000342EA29
:101C50000702A7E746EA020646EA06464FEA1646A4
:101C600046EA0106BCBF46EA0646360C4FF00003C2
:101C70004FF000024FF0000194E72DE9804C9A46A6
:101C8000934670B491E8380007C831EA400C48BF69
:101C900034EA430C03D5FFF7E6FDFFF780FFF0BC05
:101CA000BDE8008C2DE9804C9A46934670B491E8CB
:101CB000380007C810F0804F08BF13F0804F03D1E1
:101CC00000F005F8FFF76BFFF0BCBDE8008C20F0DA
:101CD0007F4780EA030023F07F4C07EB0C03A3F55A
:101CE0007C5300F00040A3F1FE0392F0000F00F0DF
:101CF000B38095F0000F00F077802DE901494FEA9D
:101D000011404FEA144621EA004800FB06FC24EA91
:101D1000064708FB06F607FB08F800FB07F718EB79
:101D200006484CEB164C4FEA124B18EB07484FEAAB
:101D300015464CEB174022EA0B4E0BFB06FC25EA3E
:101D400006470EFB06F607FB0EFE0BFB07F71EEB26
:101D5000064E4CEB164C4FF000061EEB074E4CEBBC
:101D6000174B18EB0B0840F1000018EB0E0B58EB6B
:101D7000000840F100008F1A4FF000013CBFC9433A
:101D8000661B14BFB5EB040C00213CBFC943F61B16
:101D90004FEA17444EEA8E0E27EA04454FEA1C47E5
:101DA00004FB07622CEA074C05FB07F70CFB05F662
:101DB00004FB0CFC16EB074642EB174216EB0C46F5
:101DC00042EB1C421BEB060658EB0202414146EA7D
:101DD0009E0601D5BDE80189B619524141EB0101CA
:101DE000A3F10103BDE801894FEA14454FEA114709
:101DF00024EA054621EA074C05FB07F406FB07F732
:101E00000CFB06F105FB0CFC11EB074144EB1744FE
:101E10004FEA124711EB0C4144EB1C4422EA074CF9
:101E200005FB07F206FB07F70CFB06F605FB0CFCAF
:101E300016EB074642EB174216EB0C4642EB1C45ED
:101E40006A1854F1000148BF7047B619524141EB7E
:101E50000101A3F10103704795F0000F37D04FEA5D
:101E600011424FEA144721EA024624EA074C02FBDA
:101E700007F106FB07F70CFB06F402FB0CFC14EB66
:101E8000074441EB17414FEA154714EB0C4441EB73
:101E90001C4125EA074C02FB07F506FB07F70CFB84
:101EA00006F602FB0CFC16EB074645EB174516EB56
:101EB0000C4645EB1C42121951F1000148BF704716
:101EC000B619524141EB0101A3F1010370474FEAFA
:101ED00014454FEA114724EA054621EA074C05FB61
:101EE00007F106FB07F70CFB06F24FF0000605FBB7
:101EF0000CFC12EB074241EB174112EB0C4251EB89
:101F00001C4148BF7047921841EB0101A3F1010346
:101F10007047FEE7014800F0CBB80000280D002014
:101F2000014800F0C5B80000B8100020014800F0DA
:101F3000BFB8000018110020014800F0B9B8000037
:101F4000880D002001681823CAB2103AB2FBF3F2E0
:101F5000054B6FF30901032A9B5CC36500D9091D7A
:101F6000816508467047000014A8000810B50146B6
:101F700000208B698A6A4FF0C07453B1B3F5005FDB
:101F800015D072B1012A0CD0022A0AD0032A09D135
:101F900004E01AB1012A06D0022A03D1C96AC90194
:101FA00000D5012010BDC96AA142FAD010BD002A97
:101FB000F7D0012AF2D0022AF3D0032AF3D010BDC1
:101FC00030B50468256825F48025256004686360C1
:101FD0008368402B036803D099600068C26030BDFD
:101FE0009A600068C16030BD704772B6FEE72DE9A7
:101FF000F0410446876D00F0DDFA064694F835009E
:102000000025022806D08020606584F83450012025
:10201000BDE8F0812068016821F0160101602068A8
:10202000416921F080014161206C08B9A06C20B1A8
:102030002068016821F0080101602068016821F032
:10204000010101600CE000F0B5FA801B052807D9FA
:1020500020206065032084F8350084F83450D7E7E9
:1020600020680068C007EED194F85C103F208840DB
:10207000B860012084F8350084F834500020C7E7A8
:1020800090F83510022903D0802141650120704766
:10209000052180F835100068016821F00101016018
:1020A00000207047406D704790F835007047000081
:1020B0002DE9F84304464FF00009CDF8009063483D
:1020C0004FF41651A56D0068B0FBF1F72E6894F837
:1020D0005C10082000FA01F131420FD021680A6833
:1020E00052070BD50A6822F004020A6094F85C10CB
:1020F0008840A860606D40F00100606594F85C1055
:102100004FF0010808FA01F0304208D0216849690F
:10211000090604D5A860606D40F00200606594F87F
:102120005C1004208840304208D021680968890783
:1021300004D5A860606D40F00400606594F85C1000
:1021400010208840304218D021680968090714D54A
:10215000A86020680168490304D50068000308D519
:10216000A16C07E00168C90503D4016821F00801EA
:102170000160216C09B12046884794F85C1020204A
:102180008840304231D021680968C9062DD5A86041
:1021900094F8350005282068016806D0490347D522
:1021A000006800031DD4616C1CE021F01601016081
:1021B0002068416921F080014161206C08B9A06C60
:1021C00020B12068016821F00801016094F85C10DA
:1021D0003F208840A86084F8358084F83490216DD1
:1021E0001FE0E16B09B120468847606D00282BD0C5
:1021F000606DC00714D0052084F8350020680168A0
:1022000021F0010101600098401C0090B84203D801
:1022100020680068C007F6D184F8358084F83490CF
:10222000E16C002910D001B02046BDE8F04308471A
:102230000168C905D5D4016821F01001016084F856
:10224000358084F83490CCE7BDE8F883880000201E
:102250002DE9F041044600F0ADF906465CB10220DC
:1022600084F83500002584F834502068016821F096
:10227000010101600DE00120BDE8F08100F09AF954
:10228000801B052805D920206065032084F83500CF
:10229000F2E720680068C007F0D122681168204882
:1022A0000140D4E901031843D4E90336334318430A
:1022B00063691843A3691843E3691843236A184301
:1022C0000843616A042903D1D4E90B131943084375
:1022D000106020684069666A20F0070130460E43AE
:1022E000012704280CD1A06A0643E06A40B12046C9
:1022F000FFF73CFE20B14020606584F83570BAE7F6
:10230000206846612046FFF71DFE94F85C203F21BF
:1023100091408160656584F835700020ACE700006D
:102320003F8010F02DE9F0410446866D90F83400AE
:10233000002501280DD0012084F8340094F8357070
:102340000020012F07D084F8340002252846BDE87C
:10235000F0810220FBE7022784F835706065204693
:10236000FFF72EFE94F85C103F208840B060206894
:10237000016841F016010160206C20B120680168FD
:1023800041F0080101602068016841F0010101602D
:10239000DCE7000070B5044600F00CF90546601C4F
:1023A00002D004480078044400F004F9401BA04225
:1023B000FAD370BD7C0000202DE9F84FDFF8BCA1F6
:1023C0000022012503264FF00F090AF1040BAAF1A0
:1023D000040E00BF0B6805FA02F42340A34270D13B
:1023E0000F7907F00307012F01D0022F16D187685C
:1023F0004FEA420806FA08FC27EA0C07D1F80CC09D
:102400000CFA08FC4CEA070CC0F808C04768A74360
:102410000C79C4F3001494403C4344600C79E443C9
:10242000A4070AD0C4684FEA420C06FA0CF7BC4372
:102430008F6807FA0CF72743C7600C7904F0030490
:10244000022C12D1D40800EB840CDCF82040570792
:10245000FF0E09FA07F824EA0804D1F8108008FAF8
:1024600007F848EA0408CCF8208004684FEA420CD8
:1024700006FA0CF7BC430F7907F0030707FA0CF7CD
:10248000274307604C6814F4403F70D03C4C2768E9
:1024900047F480472760246822F0030704F480444F
:1024A0000094384C07EB040CDCF8084897074FEA17
:1024B000177809FA08F7BC43334FB84202D1002716
:1024C00024E054E0314FB84201D101271EE0304FE3
:1024D000B84201D1022719E02E4FB84201D103279B
:1024E00014E02D4FB84201D104270FE02B4FB84222
:1024F00001D105270AE02A4FB84201D1062705E09D
:10250000284FB84201D1072700E0082707FA08F74B
:102510002743CCF80878DAF800405746D1F804C0D1
:102520009C435FEACC2C00D51C433C60DBF80040A8
:102530005F46D1F804C09C435FEA8C2C00D51C4355
:102540003C60DEF800407746D1F804C09C435FEA67
:102550008C3C00D51C433C60084F083F3C68D1F8D8
:1025600004C09C435FEACC3C00D51C433C60521C39
:10257000102AFFF42FAFBDE8F88F0000083C01409F
:102580004438024000300140000002400004024094
:1025900000080240000C02400010024000140240FB
:1025A00000180240001C02400AB181617047090412
:1025B000FBE7000001488068704700007C000020B5
:1025C000704770472DE9F041016804464A694E683A
:1025D00090F83E000025D743FA0506D4F243D20511
:1025E00003D46FF4807201254A61B90508D4F14320
:1025F000C90505D422686FF4007145F002055161E8
:10260000790525D4F143C90522D4638D94F83D1092
:10261000226B202808D13BB9212910D029290ED0BE
:10262000282901D1212A0AD022686FF480615161E2
:1026300045F00405102806D0402804D008E02046C4
:1026400002F082FD04E02068016841F4007101603D
:10265000380508D4F043C00505D421686FF4006044
:1026600045F008054861002D07D0206C2843206400
:102670002046BDE8F04102F003B9BDE8F0812DE944
:10268000F047026800215368C66A90F83E4090F80F
:102690003D50102C12D0402C10D0046C002C7DD05A
:1026A0005469E443A6077AD4DE43B60577D4036CB5
:1026B00003B19169BDE8F04702F022BD9769516905
:1026C0004FF42A0CC9435FEAC1784FF02A4904D07D
:1026D00066452AD04E4528D010E0DE43B6050DD41D
:1026E000C16A614501D1012103E0C16A494501D1B7
:1026F0000821C162BDE8F04702F096BB0E0716D470
:10270000DE43B60513D4416CC9B21161416B09B106
:10271000C96B29B9816B002907D0C96B002904D086
:102720000068416841F400614160BDE8F0878E07B0
:1027300006D4DE43B60503D4BDE8F04702F0E8BA9C
:10274000FE43526876074FEA02521DD4002AECDBA2
:102750000A0608D4DA43520505D4490705D5BDE871
:10276000F04702F079BA4907DFD4D9438905DCD4B0
:10277000212D05D0402CD8D1BDE8F04702F09ABBFE
:10278000BDE8F04702F026BA002ACEDB4A060BD499
:10279000DA43520508D4490708D501E00DE00EE000
:1027A000BDE8F04702F09CB94907BED4D94389057A
:1027B000BBD4BDE8F04702F026B9916970E7E106A5
:1027C00006D4D943890503D4BDE8F04702F004BD1F
:1027D0002821212D27D0292D25D0650655D4DD436C
:1027E0006D0552D4640752D590F83D30448D002CCD
:1027F0009BD01269446A2270426A521C4262428D26
:10280000521E4285428D002A8FD12A2B8DD102681B
:10281000536823F4806353602222026380F83D10E2
:1028200000F02CFC81E7250623D4DD436D0520D480
:10283000640720D590F83D30448D002CF2D0446AD6
:1028400024781461426A521C4262428D521E4285B3
:10285000428D002AE6D1292BE4D10268536823F483
:10286000806353602122026380F83D1000F007FC72
:102870005BE76107D6D4D9438905D3D4418D0029BC
:10288000D0D0416A097811610AE06107CAD4D943FE
:102890008905C7D4418D0029C4D01169426A1170DD
:1028A000416A491C4162418D491E41853DE770479F
:1028B00070B5040025D094F83D00002520B984F8B7
:1028C0003C50204600F060FB242084F83D00206846
:1028D000016821F0010101602068016841F40041B4
:1028E00001602068016821F40041016000F04CFDA6
:1028F0004D4A6168914201D84C4900E04C498842F8
:1029000001D2012070BD4B492368B0FBF1F15E6834
:1029100026F03F060E435E606368934206D94FF48B
:10292000967359434FF47A73B1FBF3F12368491C52
:102930001E6A26F03F06314319626168914210D841
:102940004900401EB0FBF1F2521CC2F30B02042AF4
:1029500001D2042022E0B0FBF1F0401CC0F30B00D8
:102960001CE0A268F2B301EBC10303EB0116431EA6
:10297000B3FBF6F35B1C43F480431B0549D092B3D1
:1029800001EBC10202EB0111401EB0FBF1F0401C53
:10299000C0F30B0040F4804040F400402168CA6955
:1029A0004CF6FF739A431043C861D4E90710014302
:1029B0002068026822F0C00211430160D4E90301DB
:1029C00001432068826848F2FF339A4311438160D3
:1029D000D4E9050108432168CA6822F0FF021043C8
:1029E000C86001E00EE016E02068016841F00101D6
:1029F00001602564202084F83D00256384F83E5062
:102A0000002070BD01EB4106431EB3FBF6F35B1CD7
:102A1000B3E70120C2E701EB4101401EB0FBF1F03A
:102A2000401CC0F30B00B7E7A086010080841E00A5
:102A300000093D0040420F0070477047704700009A
:102A400008B500680C49884215D102F0A5FE0020A7
:102A500000900A48006800280DD0694607F029F95F
:102A60000098002807D006494FF080500860BFF357
:102A70004F8FBFF36F8F08BD0054004068000020E7
:102A800004ED00E0704700002DE9FF4F83B09A4647
:102A9000DDE9118793460446DDF84090FFF78AFD93
:102AA000054694F83D00202870D11923012274496D
:102AB0002046009502F06AFC0028F5D194F83C000D
:102AC000012863D0012084F83C0020680168C90710
:102AD00003D1016841F0010101602068016821F41F
:102AE00000610160222084F83D00402084F83E000F
:102AF00000262664C4F82490A4F82A80608D2085DE
:102B00006048E062CDE9007553465A462046049974
:102B100002F024FA002879D1208DD0B1012821D0EB
:102B20000228206824D0416980690090208D032804
:102B300066D801282BD0544902283B464FF00002AA
:102B4000009557D08846204602F020FC00285DD131
:102B50003AE02068416981690091016841F400719F
:102B600001607DE02068016821F480610160F0E788
:102B7000016821F4806101602068016841F400610E
:102B80000160206841698069009069E075E02A462B
:102B90003946204602F0A0FC88BB54E0206801685A
:102BA00041F40071016020680069616A0870606A20
:102BB000401C6062218D491E2185618D491E618501
:102BC00021680969017042E02068016821F4806190
:102BD000016020680069616A0870606A401C606278
:102BE000208D401E2085608D401E60853B46002262
:102BF00041460095204602F0C9FB00B9CEE705E04A
:102C00002A463946204602F067FC18B1012007B079
:102C1000BDE8F08F20680069616A0870606A401C36
:102C20006062208D401E81B22185608D401E6085CE
:102C300020684269D243520712D4032903D10168A4
:102C400021F48061016020680069616A0870606A2F
:102C5000401C6062208D401E2085608D401E608576
:102C6000208D00287FF462AF202084F83D0084F896
:102C70003E6084F83C600020C9E70220C7E70000FE
:102C8000020010000000FFFF040001002DE9FC5FBE
:102C9000994692468B460446DDF83080FFF78AFC61
:102CA00000250646009594F83D00202828D1664866
:102CB00046F2A81120270068B0FBF1F000EBC0013C
:102CC00001EB001000900098401E009010D020688A
:102CD0008069C0438007F6D594F83C0001280FD0E6
:102CE000012084F83C0020680168C9070BD00EE081
:102CF00044F8305F6773A573206940F020002061BD
:102D00000220BDE8FC9F016841F0010101602068DC
:102D1000016821F400610160222084F83D00402018
:102D200084F83E002564C4F824800D986085608D89
:102D300020854648E062C4F844B0C4F848A0C4F80E
:102D40004C902565208D4FF02308002863D0A06BA0
:102D500000B33F49C163A16B3E48C864A06B0564E2
:102D6000A06B4564A06B8564A06B05652168238D0D
:102D70001031626AA06BFFF7D5FAA0B184F83D70FC
:102D800084F83E5054F8400F40F0100044F8040915
:102D9000257049E084F83D7084F83E5054F8400FA7
:102DA00040F08000F2E7CDE900864B465246594696
:102DB000204602F0D3F888B1A06BFFF761F9A06B51
:102DC000C5632068016821F48061016025856585FF
:102DD0002068016821F00101016025E0208D0128B3
:102DE000206813D0416841F48051416020684169F6
:102DF0008169009184F83C50416841F480714160E0
:102E00002068416841F4006141601BE0016821F4E1
:102E100080610160EAE7CDE900864B46524659469B
:102E2000204602F09BF808B101206AE7206841695A
:102E300081690091016841F40071016084F83D707E
:102E400084F83C5000205CE7880000200000FFFF71
:102E50005D4700081D4700082DE9FF4F83B09A46E3
:102E6000DDE9119793460446DDF84080FFF7A2FBA9
:102E7000054694F83D0020287FD1192301224049BE
:102E80002046009502F082FA002876D194F83C00A2
:102E9000012872D0012084F83C0020680168C9072D
:102EA00003D1016841F0010101602068016821F44B
:102EB00000610160212084F83D00402084F83E003C
:102EC00000262664C4F82480A4F82A90608D20850A
:102ED0002C48E062CDE9007553465A4620460499D5
:102EE00002F0BAF870B930E02A463946204602F0BE
:102EF0002BFB58B1206C042804D12068016841F4F0
:102F000000710160012007B0BDE8F08F606A2168A0
:102F100000780861606A401C6062218D491E89B298
:102F20002185628D521E628522685369DB435B07EF
:102F30000BD469B100781061606A401C6062208D1A
:102F4000401E2085608D401E6085208D0028CBD1DD
:102F50002A463946204602F0EDF90028CAD154F835
:102F60003D0B016841F400710160202004F81E0946
:102F7000E67766770020C6E7FFE70220C3E7000098
:102F8000020010000000FFFF2DE9F04186B0064668
:102F900014216846FDF71FFB33493068884260D131
:102FA00032480024016841F002010160006869466E
:102FB00000F0020005904FF4407000901220CDE91F
:102FC000010403200390042004902948FFF7F4F93A
:102FD00026481030016841F4001101600068264D58
:102FE00000F400100590234828604705C5E90174E6
:102FF0004FF48068C5E903486C61AC61EC612C62F8
:1030000028466C62FFF724F908B1FEF7EEFFB563BE
:10301000AE63194D17486035A830E5E80207402037
:10302000A5E81101144845F814496030AC61EC6121
:103030002C626C62FFF70CF908B1FEF7D6FF7563DE
:10304000002206211F20AE6300F0B2F81F2000F01E
:10305000A1F800220621202000F0AAF8202000F08C
:1030600099F806B0BDE8F0810054004030380240C5
:103070000004024010600240280D00207047704795
:103080000248816802781144816070477C0000200A
:103090000B4810B5016841F400710160016841F40A
:1030A00080610160016841F480710160032000F0DB
:1030B0009FF80F2000F006F800F050F8002010BD37
:1030C000003C024030B505461F4887B00024016827
:1030D00041F480710160006806A900F480700090DE
:1030E00001A800F031F90498A8B100F04DF94000B2
:1030F0001649174AB0FBF1F11648491E026040F22A
:10310000E732C0E90324C0E90114846100F0B6FB92
:10311000040003D015E000F037F9E9E70D4800F0AE
:10312000DBFB04000DD12D2000F034F8102D07D268
:10313000002229462D2000F03BF80748056000E0FA
:10314000012407B0204630BD4038024040420F0005
:103150000020004078110020800000200C4882B040
:10316000016841F480410160006800F480400090F3
:103170000748001F016841F080510160006800228B
:1031800000F0805000900F21901E02B000F010B8A7
:1031900044380240002809DB00F01F020121914061
:1031A0004009800000F1E020C0F8001170470000E5
:1031B000F0B40E4B1B680C46C3F30223C3F10705A2
:1031C000042D00D90425191D072901D2002300E090
:1031D000DB1E012606FA05F1491E214099409E405A
:1031E000761E16403143F0BC04F014BA0CED00E03A
:1031F000064900F0070208684FF6FF03184040EA4E
:103200000220034A10430860704700000CED00E004
:103210000000FA052DE9F0470E46050065D0DFF8FD
:103220001481D8F80000F7B200F00700B04207D2CE
:1032300088F80070D8F8000000F00700B04254D1C0
:1032400028683D4C810712D5400703D5206840F41B
:10325000E05020602878000703D5206840F46040E3
:1032600020602068A96820F0F000084320602878DA
:10327000C0072DD0304968680839012812D00228CB
:1032800013D0032811D00968890700292DDA216895
:1032900021F0030101432160FFF78CF9814641F2DF
:1032A000883A0EE009688903EFE709688901ECE7CD
:1032B000FFF780F9A0EB0901514502D90320BDE8D1
:1032C000F0872068696800F00C00B0EB810FEFD147
:1032D000D8F80010404601F00701B14207D9077045
:1032E000006800F00700B04201D00120E7E728782D
:1032F000400705D52068E96820F4E05008432060C5
:103300002878000706D52068296920F4604040EA43
:10331000C100206000F058F82168084AC1F3031189
:10332000515CC8400649086006480068FFF7CAFEBD
:103330000020C4E7003C0240083802401CA80008F6
:1033400088000020800000200F2202600C4A1368D1
:1033500003F003034360136803F0F0038360136812
:1033600003F4E053C36012684FF4E05303EAD2025F
:1033700002610448006800F0070008607047000020
:1033800008380240003C02400448054900680968CA
:10339000044AC1F38221515CC84070478800002074
:1033A000083802402CA8000804480549006809684C
:1033B000044AC1F34231515CC84070478800002084
:1033C000083802402CA80008154810B5006810F015
:1033D0000C02144813D04110042A0FD0082A0ED131
:1033E0000F4C241F2268236802F03F025B0207D5BE
:1033F0002068C0F38810A0FB010106E0084610BD5C
:103400002168C1F38811A1FB00010023FCF7E2FF52
:103410002168C1F30141491C4900B0FBF1F010BD26
:10342000083802400024F4002DE9F84F04006ED063
:103430002078DFF84C93C007A9F104054AD009F1C0
:1034400004000168C1F38101012908D00068C0F3BC
:10345000810002280AD1D9F80000400206D5286868
:10346000800337D560680028E1D033E06068B0F5AC
:10347000803F10D0B0F5A02F286810D020F4803005
:103480002860286820F4802028606068A8B1FFF7D1
:1034900091F806460DE0286840F48030F4E740F4E7
:1034A00080202860F7E700BFFFF784F8801B6428BE
:1034B00073D828688003F7D50CE0FFF77BF8064641
:1034C00005E000BFFFF776F8801B6428F0D8286875
:1034D0008003F7D42078DFF8AC8280074FF0000A31
:1034E0003ED5A748001D016811F00C0F08D00068F8
:1034F000C0F3810002280BD1D9F80000400207D4A4
:103500002868800716D5E068012800D112E033E171
:10351000E068B8B10120C8F80000FFF74BF8064694
:1035200005E000BFFFF746F8801B0228C0D82868D6
:103530008007F7D52868216920F0F80040EAC1002B
:1035400028600DE0C8F800A0FFF734F8064604E054
:10355000FFF730F8801B02281FD828688007F7D4AF
:103560002078000722D5864F87486169703771B18E
:1035700001210160FFF71EF8064604E0FFF71AF884
:10358000801B022809D838688007F7D50EE0C0F8FC
:1035900000A0FFF70FF8064605E082E0FFF70AF803
:1035A000801B02287DD838688007F7D42078400730
:1035B00068D5DFF8CCB100270BF13C0BDBF800003D
:1035C000C0000BD4DBF8001041F08051CBF80010A4
:1035D000DBF80000012700F0805000906B4E30684F
:1035E000C00510D4306840F480703060FEF7E2FF10
:1035F000009005E0FEF7DEFF0099401A022850D83F
:103600003068C005F6D55E4EA0686C3601280FD034
:103610000528306810D020F001003060306820F0BC
:1036200004003060A068B8B1FEF7C4FF00900FE05E
:10363000306840F00100F4E740F004003060F7E744
:10364000FEF7B8FF0099411A41F28830814266D8EE
:1036500030688007F4D50EE0FEF7ACFF009007E07D
:10366000FEF7A8FF0099411A41F28830814256D8EE
:1036700030688007F4D42FB1DBF8001021F08051BE
:10368000CBF80010A069C8B33D49091D0968C1F312
:10369000810102294AD00228504607D0C8F86000AC
:1036A00000E03CE0FEF786FF04463BE04746C8F8F2
:1036B0006000FEF77FFF064605E000BFFEF77AFFD9
:1036C000801B02282BD828688001F7D4D4E9070191
:1036D0000843A16A2E4A490802EB0141626A41EAA5
:1036E0008211084394F82C1040EA0161C9F80010D7
:1036F00001203866FEF75EFF044606E03EE000BFAC
:10370000FEF758FF001B022809D828688001F7D56A
:1037100034E000BFFEF74EFF001B022802D9032051
:10372000BDE8F88F28688001F4D427E00128F7D09D
:10373000D9F80000E26900F4800191421CD1226AAC
:1037400000F03F01914217D147F6C071626A014013
:10375000B1EB821F10D1A26A4FF0FF3300F4403169
:1037600003EB5202B1EB024F06D194F82C1000F09B
:103770007060B0EB016F01D00120D1E70020CFE7EE
:103780000438024000004742800E4742007000406B
:103790000000FFFF7047704710B590F83C20012AE9
:1037A00022D0012280F83C20CA688C6822F4407242
:1037B00022434C6822F4806222430C6822F40062A7
:1037C00022430C6922F4805222434C6922F40052B5
:1037D0002243C969002322F480420A4301684A64F3
:1037E00080F83C30002010BD022010BD70B590F86C
:1037F0003C20012A32D0012480F83C40022280F88B
:103800003D2003685A689D6822F070060A683243BA
:103810005A60134B02689A4214D0B2F1804F11D013
:10382000104B9A420ED0104B9A420BD00F4B9A423B
:1038300008D00F4B9A4205D00E4B9A4202D00E4B45
:103840009A4204D1496825F080031943916080F8B9
:103850003D40002180F83C10084670BD022070BD3C
:10386000000001400004004000080040000C00403F
:1038700000040140004001400018004010B5040061
:1038800003D094F83D0010B107E0012010BD0020E6
:1038900084F83C00204600F01EF8022084F83D0029
:1038A000211D206803F002FB012084F8460084F803
:1038B0003E0084F83F0084F8400084F8410084F81A
:1038C000420084F8430084F8440084F8450084F8FA
:1038D0003D00002010BD704790F83D10012901D037
:1038E00001207047022180F83D100168CA6842F04B
:1038F0000102CA6000681149884214D0B0F1804FBB
:1039000011D00F4988420ED00E4988420BD00E4983
:10391000884208D00D49884205D00D49884202D01E
:103920000C49884204D1816801F00701062903D0BF
:10393000016841F001010160002070470000014072
:103940000004004000080040000C0040000401405A
:10395000004001400018004090F83C20012A0CD0A3
:10396000012200F83C2F0223437050F83C3C59617F
:10397000427000210170084670470220704770476E
:103980002DE9F04104460068C66805694FF000075C
:10399000A90713D5B10711D5F91E016101202077C0
:1039A000206880698007204602D0FFF7E8FF04E026
:1039B00000F010F9204600F0FDF92777680716D5CA
:1039C000700714D521686FF0040008610220207789
:1039D0002068806910F4407F204602D0FFF7CFFFB7
:1039E00004E000F0F7F8204600F0E4F92777280714
:1039F00015D5300713D521686FF008000861042041
:103A000020772068C0698007204602D0FFF7B7FF03
:103A100004E000F0DFF8204600F0CCF92777E80654
:103A200016D5F00614D521686FF010000861082043
:103A300020772068C06910F4407F204602D0FFF74D
:103A40009EFF04E000F0C6F8204600F0B3F92777A7
:103A5000E80708D0F00706D021686FF00100086180
:103A6000204600F00DFA280608D5300606D5216854
:103A70006FF0800008612046FFF78CFE680608D5CD
:103A8000700606D521686FF040000861204600F0FE
:103A900001FAA8060AD5B00608D521686FF0200003
:103AA00008612046BDE8F041FFF775BEBDE8F08132
:103AB00070B586B0044614216846FCF78CFD246876
:103AC0003A4E00223A49022301253A48B44209D12C
:103AD0000C6844F010040C60096801F010010591B5
:103AE00059035CE0344EB4F1804F11D0334DAC42F9
:103AF00022D1086840F0010008600868694600F0BB
:103B00000100059040200090CDE90132304624E0CC
:103B1000086840F0010008600868694600F001008C
:103B200005900F200090CDE9013230463BE000BF08
:103B3000FEF742FC06B070BD214DAC4210D10868C2
:103B400040F0080008600868694600F00800059029
:103B5000A0140090CDE901321A48CDE90323E7E72C
:103B6000194E0325B4420ED1086840F004000860E5
:103B70000868694600F004000590A0150090CDE9A2
:103B8000013212480FE0124EB442D3D10C6844F017
:103B900010040C60096801F01001059120210091CA
:103BA000CDE901326946CDE90325C1E700000140B6
:103BB0003038024000100240000002400004004083
:103BC00000080040000C02400004014000080240D0
:103BD00000400140704770B5044690F83C00002654
:103BE0000D4601280FD0012084F83C006AB1042A58
:103BF0001DD0082A2FD00C2A3FD00126002084F89F
:103C00003C00304670BD022070BD206803F0C4F94E
:103C10002068816941F0080181612068816921F093
:103C200004018161206881692A69114311E02068DB
:103C300003F0E2F92068816941F400618161206844
:103C4000816921F480618161206881692A6941EA82
:103C500002218161D2E7206803F004FA2068C1697B
:103C600041F00801C1612068C16921F00401C1610E
:103C70002068C1692A69114311E0206803F026FA1F
:103C80002068C16941F40061C1612068C16921F403
:103C90008061C1612068C1692A6941EA0221C1616C
:103CA000ACE710B5040003D094F83D0010B107E074
:103CB000012010BD002084F83C00204600F01EF8D2
:103CC000022084F83D00211D206803F0EFF8012058
:103CD00084F8460084F83E0084F83F0084F84000F1
:103CE00084F8410084F8420084F8430084F84400DA
:103CF00084F8450084F83D00002010BD08B5274930
:103D0000026827488A4205D1016841F0010101603B
:103D1000006814E02249091FB2F1804F0AD0214BFC
:103D20009A4210D1086840F002000860086800F06C
:103D3000020006E0086840F001000860086800F032
:103D40000100009008BD184B9A4207D1086840F066
:103D500004000860086800F00400F2E713498A4292
:103D600011D1016841F0020101600068002200F0F9
:103D7000020000900F212D20FFF71AFABDE808403D
:103D80002D20FFF707BA0A498A42DBD1016841F4C6
:103D900080310160006800F48030D2E7000001400B
:103DA0004438024000040040000800400004014084
:103DB000004001407047000010B50446022249B19E
:103DC00004290ED0082913D094F84100012816D0F8
:103DD000012010BD94F83E000128F9D184F83E205E
:103DE0000FE094F83F000128F2D184F83F2008E06A
:103DF00094F840000128EBD184F8402001E084F8D9
:103E000041200122206803F0B9F816492068164ABB
:103E1000884201D0904203D1436C43F40043436491
:103E20002068884213D0B0F1804F10D00F498842EB
:103E30000DD00F4988420AD00E49884207D09042DF
:103E400005D00D49884202D00C49884204D18168CE
:103E500001F00701062903D0016841F0010101606A
:103E6000002010BD0000014000040140000400409B
:103E700000080040000C00400040014000180040D5
:103E800000680349884201D1FFF7FAB87047000083
:103E9000002000407047704770B5044620680C3021
:103EA00050E8001F21F4907140E80012002AF5D17B
:103EB0002068143050E8001F21F0010140E8001292
:103EC000002AF5D1206B012809D120680C3050E878
:103ED000001F21F0100140E80012002AF5D12068EF
:103EE00040694FF00005400615D52068143050E8B1
:103EF000001F21F0400140E80012002AF5D1E06BDC
:103F000048B10565E06BFEF772F820B1E06BFEF793
:103F1000C9F8202806D0E585202084F842002563D2
:103F2000002070BD10206064032070BD70B5044691
:103F300020680C3050E8001F21F0C00140E800125A
:103F4000002AF5D1206840691546000615D520687D
:103F5000143050E8001F21F0800140E80012002AD0
:103F6000F5D1A06B48B10565A06BFEF740F820B114
:103F7000A06BFEF797F8202805D0E584202084F870
:103F80004100002070BD10206064032070BD00005F
:103F900038B5154A0168914224D100686FF00F01CD
:103FA00001600020114C01460090607828B1206922
:103FB00018B1694605F07DFE0121207828B1E0683E
:103FC00018B1694605F075FE01E000290AD0009895
:103FD000002807D006494FF080500860BFF34F8F8C
:103FE000BFF36F8F38BD0000004400402400002064
:103FF00004ED00E0F8B5016804460868CA684B693A
:1040000010F00F0F4FF0000559D003F0010602F435
:104010009077374365D0C10705D0D10503D5616CD2
:1040200041F001016164410705D5D90703D0616CF6
:1040300041F002016164810705D5D90703D0616CA5
:1040400041F004016164010707D502F0200131430A
:1040500003D0616C41F008016164616C00293AD0C1
:10406000800604D5900602D5204603F030F920687A
:104070004069616CC0F38010090700D460B320462A
:1040800003F0F0F820684069400621D5206814301C
:1040900050E8001F21F0400140E80012002AF5D14D
:1040A000E06BA8B172490165E06BFDF7E9FF0028FC
:1040B00011D0E06B016D01B0BDE8F0400847830608
:1040C0000FD593060DD52046BDE8F84003F0FFB8A4
:1040D0002046FFF75DFFF8BD2046FFF759FF6564F6
:1040E000F8BD266B2023012E7ED1C6067CD5D606D0
:1040F0007AD508684868009048694FF00206400683
:104100004DD5E26B106840684FF480770004000CD6
:104110003AD0A18D814237D9E085D069B8422DD0FF
:1041200020680C3050E8001F21F4807140E8001234
:10413000002AF5D12068143050E8001F21F0010159
:1041400040E80012002AF5D12068143050E8001F22
:1041500021F0400140E80012002AF5D184F84230F5
:10416000256320680C3050E8001F21F0100140E862
:104170000012002AF5D1E06BFDF739FF6663A08DD0
:10418000E18D401A81B206E0A18D8142A8D1D069AB
:10419000B842A5D166632046FFF77DFEF8BDA08D2D
:1041A000E18D401A81B2E08D0028F7D00029F5D0CA
:1041B00020680C3050E8002F22F4907240E800276D
:1041C000002FF5D12068143050E8002F22F00102B2
:1041D00040E80027002FF5D184F84230256320689D
:1041E0000C3050E8002F00E006E022F0100240E81A
:1041F0000023002BF3D1CDE705062BD5150629D5D5
:1042000094F841002128C9D1A068B0F5805F01D1A0
:104210002069B0B1206A411C2162216800784860A1
:10422000E08C401E0004000CE084B7D12068C16817
:1042300021F08001C1602068C16841F04001C16087
:10424000F8BD206A0088C0F308004860206A801C1E
:104250002062E5E74006F3D55006F1D5CA6820464E
:1042600022F04002CA6084F8413000F0CBF9F8BD7A
:104270001D71000870B5040004D094F841000025B9
:1042800010B106E0012070BD84F84050204600F0D7
:1042900023F8242084F841002068C16821F40051EB
:1042A000C160204603F074F82068016921F4904150
:1042B00001612068416921F02A0141612068C168DB
:1042C00041F40051C1606564202084F8410084F805
:1042D00042006563002070BD2DE9F04786B00646B8
:1042E00014216846FCF777F95C485B49D6F800C0B2
:1042F0005A4A1438022303250727DFF864A1002453
:104300004FF0C0098C4518D1116841F010011160BF
:10431000116801F010010591016841F0020101608E
:104320000068CDF8009000F00200CDE9047001AE05
:10433000694686E8380050466EE04849DFF8248137
:10434000091FC4454FD10A6842F400320A60096867
:1043500001F400310591016841F008010160006835
:10436000694600F00800059060208DE8B9003E48DD
:10437000FEF722F83E4D3D484FF000682860C5E941
:1043800001840715C5E903476C61AC61EC612C62DF
:1043900028466C62FDF75CFF08B1FDF726FEF56369
:1043A000AE63334D314860351830E5E802084020EF
:1043B00091C52F4845F814496030AC61EC612C621E
:1043C0006C62FDF745FF08B1FDF70FFEB5630022F3
:1043D00005212620AE63FEF7EBFE2620FEF7DAFE6F
:1043E00006B0BDE8F087234EB44518D10A6842F400
:1043F00080220A60096801F480210591016841F07A
:10440000020101600068694600F0020005904FF467
:1044100040608DE8B9005046FDF7CEFFE0E7164951
:104420008C45DDD1116841F020011160116801F067
:1044300020010591016841F0040101600068CDF898
:10444000009000F0040005900820CDE90350CDE96C
:10445000013469460948DFE7001001404438024052
:104460000004024000440040000C0240886002400A
:10447000B81000200048004000140140000802402D
:1044800090F84230202B01D00220704721B11AB1A0
:104490000023036303F002B80120704708B50068E9
:1044A0000B49884213D1002000900A480069002877
:1044B0000DD0694605F0FDFB0098002807D006499D
:1044C0004FF080500860BFF34F8FBFF36F8F08BD70
:1044D000004400402400002004ED00E070472DE976
:1044E000F843044690F84100984616460D462028A9
:1044F00002D00220BDE8F88385B17EB1002060645F
:10450000212084F84100FEF755F8A6848146E68410
:10451000A0682027B0F5805F02D003E00120E9E722
:10452000206910B12E4600250EE000260CE0802107
:10453000204603F003F8A8B9C6B116F8010B2168AC
:104540004860E08C401EE084E08C4B464FF0000257
:10455000CDF800800028EAD14FF04001204602F05B
:10456000EDFF40B184F841700320C3E735F8020B3A
:10457000C0F30800E3E784F841700020BAE70000C8
:1045800070B5044690F84100202801D0022070BD8B
:1045900001B3FAB12162A284E28400206064212385
:1045A00084F84130A56B144BEB63A56B134B2B6464
:1045B000A56B134BEB64A36B186520681346A56BC2
:1045C000021D2846FDF7AEFE30B1102060642020A9
:1045D00084F84100012070BD21686FF04000086040
:1045E0002068143050E8001F41F0800140E80012BC
:1045F000002AF5D1002070BD197200085B72000816
:104600002B71000808B500680B49884213D10020BF
:1046100000900A48C06800280DD0694605F049FBA3
:104620000098002807D006494FF080500860BFF37B
:104630004F8FBFF36F8F08BD00440040240000205F
:1046400004ED00E07047FEE70148FDF7BBBF000046
:10465000D40C00200148FEF712B80000D40C002052
:1046600038B5806B002190F83D202B4B46F2A81402
:104670001B68B3FBF4F3C3EBC30303EB83030093A7
:104680003BB15B1E009303681B689B0505D5009B2F
:10469000F6E7036C43F020030364436B03B1D96373
:1046A000836B03B1D96303681C6824F480641C60C5
:1046B0004185436B03B11965836B03B119650368C9
:1046C0001C6824F001041C6090F83D402023602CFD
:1046D0000BD0282434EA02020FD080F83D3080F855
:1046E0003E1000BFFEF7E3F838BD80F83D3080F89B
:1046F0003E100164FDF764FF38BD0268136843F0A3
:10470000010313600268136843F48063136001635C
:1047100080F83D40E6E700008800002070B5846B1B
:104720000025616B01B1CD63A16B01B1CD63FDF7D4
:10473000B9FC022811D02068016821F48061016071
:104740006585202084F83D0084F83E50206C40F0C0
:10475000100020642046FEF7AAF870BD2DE9F04154
:10476000846B94F83D2094F83E50E16A20684368D9
:1047700023F440734360636B002003B1D863A36BE1
:1047800003B1D863212333EA02074FF022060CD08D
:1047900036EA020701D1202D07D094F83E20002AE6
:1047A00021D0628D012A20D024E021684D6825F4B3
:1047B00000654D6060852820292A02D02A2A07D06A
:1047C0000CE0236384F83D002046FEF758FC05E02A
:1047D000266384F83D002046FEF750FC20684168BF
:1047E00041F440714160BDE8F0812268136823F410
:1047F000806313602268536823F44073536011F59B
:10480000803F06D0082904D0B1F12A4F01D02029D9
:1048100004D12268136843F400731360226853685C
:1048200023F4805353602268536823F40063536079
:104830006085226C1AB12046FEF739F8D3E72022B2
:1048400084F83D2094F83E2084F83E00402A09D0A8
:10485000082902D0202900D0122020632046FEF72C
:10486000ECF8C0E720632046FEF7EAF8BBE70068F3
:104870004169C943090601D4002101617047000064
:1048800070B5044690F83D0094F83E10102901D010
:10489000402906D1222804D121680A6822F4006246
:1048A0000A60282131EA00024FF000054FF020068F
:1048B00026D021684968090505D4602803D084F80A
:1048C0003D6084F83E50256320684168090537D56E
:1048D000416821F400614160606B90F835203C49EB
:1048E000012A11D00165606BFDF7CAFB38B320685F
:1048F000016821F00101016084F83D60606B1CE0FB
:10490000256384F83D10DFE7A06B0165A06BFDF720
:10491000B7FBA0B120684169C943490605D40069C5
:10492000616A0870606A401C60622068016821F05A
:104930000101016084F83D60A06B016D884710E0C3
:1049400094F83D10602910D04169C943490605D447
:104950000069616A0870606A401C60622046FDF769
:10496000A6FF206CC1071CD115E084F83D602564CA
:104970004169C943490605D40069616A0870606AE3
:10498000401C60622068016821F00101016020463E
:10499000FDF716FEE5E7810703D4410701D40007C0
:1049A00004D52068416821F4E061416094F83D003D
:1049B000216C49070BD5282809D10648E0622563F8
:1049C00084F83D6084F83E502046FEF735F870BD0F
:1049D000614600080000FFFF01684A69D2435205A2
:1049E0000FD46FF480624A61002140F8301F20220A
:1049F00042738173026942F0040202610173012073
:104A000070470020704710B5C26A438D0168042BBF
:104A100006D0438D032B08D0438D022B1DD012E00E
:104A20004A6822F480624A600CE04B6823F4806399
:104A30004B60042A06D0022A04D001680A6822F4D6
:104A400080620A6001680969426A1170416A491C02
:104A50004162418D491E418510BD012A34D0102A82
:104A600032D0042A34D0022A32D00B6843F40073C7
:104A70000B6001680969436A1970416A491C416207
:104A8000438D5B1E438503681B690B70416A491C9B
:104A90004162418D491E418501684B6823F4407392
:104AA0004B60202180F83D1090F83E300021402BD3
:104AB00080F83E1010D0082A02D0202A00D01221FF
:104AC0000163FDF7BAFF10BD0B6823F48063CFE7E5
:104AD0000B6843F48063CBE70163FDF7B1FF10BDC2
:104AE00038B590F83D10222910D1C36A418D0329B1
:104AF0000DD901680969426A1170416A491C416215
:104B0000418D491E4185418D032906D038BDC26AB9
:104B1000022A02D0012906D029B10068416821F497
:104B20008061416038BD2A4A46F2A814002112680B
:104B3000B2FBF4F202EB8202009202682024009D94
:104B40006D1E009526D01568AD05F8D4156825F4BE
:104B5000806515600268556825F4E0655560026857
:104B60001269456A2A70426A521C4262428D521E84
:104B7000428580F83D4090F83E2080F83E10402A63
:104B800021D0082B02D0202B00D012210163FDF789
:104B900054FF38BD036C43F020030364536823F4CF
:104BA000E063536002681269436A1A70426A521CD9
:104BB0004262428D521E428580F83D4080F83E1090
:104BC000FDF775FE38BD0163FDF73AFF38BD000003
:104BD0008800002010B5C26A90F83D1021290BD141
:104BE000418D51B1416A026809781161416A491CDD
:104BF0004162418D491E418510BD20230021082AB4
:104C000013D0202A11D012F5803F0ED002685468CC
:104C100024F4E06454601122026380F83E1080F8AE
:104C20003D3000BFFDF70AFF10BD0268546824F450
:104C3000E06454600268146844F400741460016312
:104C400080F83D3090F83E2080F83E10402AE9D1AF
:104C5000FDF718FF10BD000010B590F83D1090F85A
:104C60003E30C26A048DB4B1212903D0402B11D14A
:104C700022290FD1418DE1B390F83E10402942D056
:104C8000416A026809781161416A491C4162418D9B
:104C9000491E418510BD2129E8D120230021082A81
:104CA00013D0202A11D012F5803F0ED0026854682C
:104CB00024F4E06454601122026380F83E1080F80E
:104CC0003D3000BFFDF7BAFE10BD0268546824F401
:104CD000E06454600268146844F400741460016372
:104CE00080F83D3090F83E2080F83E10402AE9D10F
:104CF00000E002E0FDF7C6FE10BD0068416821F447
:104D00008061416010BDBDE8104000F0D3B80000E4
:104D100078B590F83E50C26A036B90F83D6000246D
:104D20000168222E7AD1066D0EB9402D76D0056D20
:104D30001DB90569B5F5404F09D0458D05B3468DC0
:104D4000384D012E0ED0438D022B3AD05DE04A69DA
:104D50008A6900920A6842F480720A60016D491CF7
:104D6000016578BDAA4213D10A6822F480620A6004
:104D700001684A68120503D50A6822F4806216E0C9
:104D80004A698A6900920A6842F400720A6039E04E
:104D9000082A10D0202A0ED0122B0AD0042A03D0C1
:104DA000022A01D0102AE7D10A6842F480620A6020
:104DB00024E0012AE0D00A6822F480620A600168D7
:104DC000DEE7042A21D0022A1FD0102A1DD00B684A
:104DD00023F480630B6001680B6843F400630B608D
:104DE00001684B681B0509D5AA4212D0012A10D0D0
:104DF000082A0ED0102A0CD0202A0AD001684A694D
:104E000089690091046578BD08E00B6843F480630C
:104E1000E5E74A6842F480524A60EFE748698869EA
:104E20000090F0E70000FFFF90F83E10402910D0FE
:104E30000169B1F5804F19D0016DA9B3016D012948
:104E400010D1416C5FF0F10201F4407142EAD111DE
:104E500006E0016D0029416C05D0C9B241F00101A5
:104E600000680161704701F0FE01F9E790F83D101C
:104E70002129416C09D0C9B241F0010102681161D8
:104E8000416B29B1C96B49B902E001F0FE01F5E7B8
:104E9000816B0029E6D0C96B0029E3D00068416826
:104EA00041F4006141607047FFE7416CF02201F47A
:104EB0004071CBE710B590F83D10026D4AB1026D1C
:104EC000012A14D0026D022A16D0BDE81040FFF767
:104ED000CEBCC16C0129816C02D0C1F3072108E06E
:104EE0000268C9B21161016D891C016510BD816C38
:104EF000C9B20268116123E022291CD0428D0AB197
:104F0000212920D0428D002AF0D12129EED101683B
:104F10004A6822F4E0624A6001680A6842F400725A
:104F20000A6000210163202280F83D2080F83E10B5
:104F3000FDF7A8FD10BD01680A6842F480720A609E
:104F4000016D491CD1E7416A026809781161416A23
:104F5000491C4162418D491E418510BD2DE9F84F24
:104F60000446006889460B9D01689846174641F43F
:104F7000806101602068016841F4807101600095E2
:104F80004FF0011B0022594620460A9B00F0FEF913
:104F90004FF4007A40B120680068C00501D5C4F81C
:104FA00040A00320BDE8F88F216809F0FE000861E9
:104FB0002B46284920460A9A00F030FAF0BB2068B8
:104FC0004169806900902A4620460A9900F0BCFA9F
:104FD00040B1206C04283AD12068016841F4007186
:104FE000016034E0FEB2B8F1010F09D02168380A3F
:104FF00008612A4620460A9900F0A6FA0028E8D15E
:10500000206806612A4620460A9900F09DFA002889
:10501000DFD12068016841F48071016000950022B1
:10502000594620460A9B00F0B1F90028B3D1216807
:1050300009F0FF0040F00100086100E007E02B46A6
:10504000044920460A9A00F0E9F90028AAD0012074
:10505000A8E70000020001002DE9F84304460068BB
:105060000D46DDE9089701689846164641F48071BF
:1050700001604B4600224FF001112046009700F0DE
:1050800085F948B120680068C00502D54FF400706A
:1050900020640320BDE8F883216805F0FE00086164
:1050A0003B464A461549204600F0B8F988B92068C1
:1050B0004169806900903A464946204600F044FA2A
:1050C00048B1206C042804D12068016841F40071C3
:1050D00001600120DEE7F5B2B8F1010F09D02168C7
:1050E000300A08613A464946204600F02DFA002869
:1050F000E7D1206805610020CCE700000200010034
:1051000038B50C4690F83D200021282595430268CB
:105110000B4605D051699169009180F83C3038BD4B
:10512000556825F480655560E243540700D5012198
:10513000120601D5828900E0028B80F83C3092B2E1
:10514000FDF73FFA38BD00002DE9F04190F83D3001
:105150000446C26A002120261E4F00686FF4806555
:10516000082A01D0202A01D1282B04D0212B17D0C6
:105170004561BDE8F081E762426822F4E062426086
:10518000206845612068026822F480620260216321
:1051900084F83D6084F83E102046FDF74DFCE8E7BA
:1051A000E7622122226384F83D6084F83E10416862
:1051B00021F4E0614160206845612068016821F4C4
:1051C000806101602046FFF752FB2046FDF757FF44
:1051D000CFE700000000FFFFF8B590F83D600446FF
:1051E0000068416821F4E061416020680025416960
:1051F0000091016841F0010101602068016821F41B
:105200008061016020684168090520D5474F222E42
:1052100048D02A2E46D0616B096849686185618D46
:1052200019B1216C41F004012164416821F400614D
:105230004160606BFCF738FF012808D0606B0765A0
:10524000606BFCF71DFF10B1606B016D8847608DCE
:1052500008B320684169C943490708D40069616AF5
:105260000870606A401C6062608D401E6085206826
:105270004169C943490608D40069616A0870606AD7
:10528000401C6062608D401E6085608D18B1206C8E
:1052900040F004002064206C00B32046BDE8F840D4
:1052A000FFF7EEBAA16B096849686185618D19B194
:1052B000216C41F004012164416821F400614160E6
:1052C000A06BFCF7F1FE0128C1D0A06B0765A06BB5
:1052D000FCF7D6FE0028BAD0A06BB6E72A2E06D17E
:1052E0002563282084F83D002046FDF7C7FE94F88A
:1052F0003D10202028290DD0216B222901D0222EFB
:1053000007D1256384F83D0084F83E502046FDF720
:10531000B5FEF8BD0649E162256384F83D0084F8D6
:105320003E502046FDF788FBF8BD000061460008AE
:105330000000FFFF70B516460D4604461EE02046ED
:10534000FFF74AFB08B1012070BD681C16D0FDF7BD
:1053500031F9801BA84200D885B920684069C04354
:1053600040070BD5002044F8300F20216173A07353
:10537000216941F0200121612073E4E72068406940
:10538000C0434007DBD4002070BD00002DE9F0478A
:10539000984617460D460446C1F30746DDF82090AF
:1053A0002AE000BFB8F1FF3F26D0FDF703F9A0EBDC
:1053B0000901414502D8B8F1000F1DD12068012E26
:1053C00016D0806925EA00000004000C12D00020ED
:1053D000B84211D1002044F8300F20216173A0732E
:1053E000216941F02001216120730120BDE8F0878F
:1053F0004069E7E70120EBE72068012E0AD08069C9
:1054000025EA00000004000C06D00020B842C9D0F4
:105410000020EBE74069F3E70120F7E72DE9F047CB
:10542000984616460D4604464FF000094FF0200AF4
:10543000C1F3074723E020684069C043400515D405
:105440002068016841F40071016021686FF4806098
:105450004861C4F8309084F83DA084F83E90216CF7
:1054600041F00401216484F83C9021E0701C06D0D6
:10547000FDF7A0F8A0EB0800B04203D816B1012F49
:105480001FD021E02068012F15D0806925EA000097
:105490000004000C18D000BF44F8309F84F80DA021
:1054A00084F80E90216941F02001216184F80C906C
:1054B0000120BDE8F087406925EA00000004000CE7
:1054C000EAD12068406901E02068806925EA00008F
:1054D0000004000CAFD1ECE72DE9F0410025904627
:1054E0000E460446202728E04069C043C0060CD47D
:1054F00054F8301B6FF01000486144F8105967777A
:10550000A577206A2062257714E0FDF753F8A0EB19
:105510000800B04200D886B920684069C043400600
:105520000BD544F8305F6773A573206940F0200005
:10553000206125730120BDE8F08120684169C943DD
:105540004906D1D40020F6E770B516460D4604464C
:105550001EE02046FFF740FA08B1012070BD681C2C
:1055600016D0FDF727F8801BA84200D885B920681F
:105570004069C04300060BD5002044F8300F2021BD
:105580006173A073216941F0200121612073E4E778
:1055900020684069C0430006DBD4002070BD0000D5
:1055A000F0B5044600254FF480708BB0844201D9D9
:1055B000044601E0002C43D0002632230E2205A928
:1055C0003B2003F0D1FD0220FCF7E4FE761CB6B2CE
:1055D000C82EF2D300261B4F1BE032230E2205A952
:1055E0003B2003F0C1FD78B9694605A803F04BF9EB
:1055F000BDF90C0000EE100A07EB85006D1CB8EE3B
:10560000C00AADB280ED000A0220FCF7C3FE761C92
:10561000B6B2A642E1D3002D12D009AB04AA2946A6
:10562000084803F0E3FD03F0ABFD72B60648DDED7C
:10563000040AC0ED040A80ED050A03F0C5FD62B658
:105640000BB0F0BDA801002040000020014890ED03
:10565000060A704740000020014890ED020A70479A
:10566000400000201FB533480024047044709FEDB3
:10567000320A80ED020A80ED030A80ED040AB3EEDF
:10568000090A80ED050A80ED060A03F09DFD0E2152
:105690002A48FAF77EFF29480E210E38FAF79BFFB9
:1056A0008DF80C4003A8642301218DE80B000B4604
:1056B0007522D0212248FDF7E7F910B1012004B08E
:1056C00010BD9DF80C006828F9D1642201216B20DF
:1056D00004F0A6F808B10320F1E70A20FCF75AFE0F
:1056E000642200216C2004F09BF808B10420E6E756
:1056F00064220021192004F093F808B10520DEE7A8
:10570000642203211A2004F08BF808B10620D6E7A2
:10571000642218211B2004F083F808B10720CEE78B
:10572000642218211C2004F07BF80028C7D0082030
:10573000C5E700004000002000000000D60800205F
:10574000D40C00201048124AD0ED020A90ED031A42
:1057500041EE000A9FED0D0AC0ED020A02E000BF13
:1057600070EEC00A10EE901A9142F9DCC0ED020A08
:10577000084A01E070EE800A10EE901A9142F9D2C8
:10578000C0ED020A70470000400000200000B44352
:1057900000003443000034C370B55A49A1F10E0033
:1057A00003F071F85748B0F90C10B0F9060000EE9C
:1057B000100AF8EEC00A9FED541A80EE810ADFED60
:1057C000530A534870EE202A00EE101AC0ED062A44
:1057D000B8EEC00AD0ED040A70EE600A9FED4D3AB3
:1057E000484CC58880EE830A0E34C8239FED4A2AB0
:1057F00081880022C82D04EB810419D2491C6D1C3C
:1058000084ED000AD0ED070AB1FBF3F470EE800AD4
:1058100003FB1411C0ED070AD0ED080A40EE000AA0
:10582000C0ED080A8180A9B2C180C8291AD25AE005
:1058300094ED001AD0ED070A491C70EEC11AD0EDA4
:10584000080A84ED000AB1FBF3F441EE410A31EE9F
:10585000801A03FB141180ED071A40EE000AC0ED18
:10586000080A8180DFED2D1AD0ED070AD0ED083A45
:1058700080EEA11AC3EEA10A41EE410AF5EEC00A7C
:10588000F1EE10FA01D2F0EE420AF0EEC11A11EE7A
:10589000901AB1F1804F06DA10EE901AB1F17E5FE6
:1058A00001DA012100E000218170D9B1416A4B1C6D
:1058B00001D0491C4162D0ED040ADFED191AB1F59F
:1058C000FA6F41EE030A90ED041A30EEC13A90ED02
:1058D000041A01EE831A80ED041A04D3C0ED040A01
:1058E000C0ED052A4262F0EEC00A10EE901A0D4B90
:1058F000994201DAB0EE420A80ED030A01214170BB
:10590000027070BDD60800200000AA43B81E1242E3
:105910004000002033338341000000000000484372
:1059200018B751399A99993E7CB50C4C207808B13A
:1059300001207CBD00256570012020700E210848E3
:10594000CDE9000101233B22D0210648FDF79EF955
:105950000028EED0257002207CBD00004000002011
:10596000C8080020D40C0020154808B5016841F48F
:10597000001101600068002200F400100090052171
:105980000B20FDF715FC0B20FDF704FC0022052180
:105990001020FDF70DFC1020FDF7FCFB0022052177
:1059A0001120FDF705FC1120FDF7F4FB0022052175
:1059B0002F20FDF7FDFBBDE808402F20FDF7EABBD7
:1059C0003038024010B502F027FB02F0F1FC01F084
:1059D000C1F802F097FA0E4A00210E4802F00EFFBD
:1059E0000D4C0B4A002120616C3A0C4802F006FF76
:1059F000074A6060483A0021094802F0FFFE044A65
:105A0000A060243A0021074802F0F8FEE06010BDD3
:105A1000DCA70008716300086800002039630008F3
:105A2000116A00085B6300082DE9F04186B014217B
:105A30006846FAF7D0FD3E480024016841F01001A5
:105A40000160016801F010010591016841F08001D9
:105A50000160016801F080010591016841F00101D8
:105A60000160016801F001010591016841F0020146
:105A70000160016801F002010591016841F008012F
:105A80000160016801F008010591016841F004011D
:105A900001600068274E00F004004FF43045059087
:105AA000002229463046FCF77FFD234F002290213B
:105AB0003846FCF779FDDFF884800022202140463B
:105AC000FCF772FD00950125CDE901546946304689
:105AD0000394FCF771FC6802CDE90004184E694696
:105AE00030460294FCF768FC4FF4E050009002202E
:105AF000CDE90104032003900A2004906946304652
:105B0000FCF75AFC90200090CDE9015469463846D4
:105B10000394FCF751FC20200090CDE90154694624
:105B200040460394FCF748FC06B0BDE8F081000055
:105B30003038024000100240000C024000040240D5
:105B4000000002400D4810B50B4901600C4941604E
:105B500000214FF480428160C0E9031241618161FC
:105B6000C1610162FCF7A4FE002803D0BDE810402B
:105B7000FCF73BBA10BD000000540040D40C0020DC
:105B8000801A060010B592B000240F941C2108A8BA
:105B90001094FAF720FD20216846FAF71CFD1F48F3
:105BA0001D49C0E900144FF6FF71C0E902410461CC
:105BB00044618461FEF775F808B1FCF716FA0F949A
:105BC0000FA916481094FDF711FE08B1FCF70DFA65
:105BD0006020CDE908040A940C940D940C2208A9C5
:105BE0000E480E94FDF7F7FF08B1FCF7FEF900949C
:105BF0004FF40050CDE904400294019403946946A7
:105C000006480794FDF7C8FD08B1FCF7EEF9034814
:105C1000FDF74EFF12B010BD00000140E80D00205E
:105C200010B58AB0002407941C2168460894FAF73E
:105C3000D2FC21484FF08041C0E90014611EC0E948
:105C40000241802104618161FEF72BF808B1FCF765
:105C5000CCF9079407A918480894FDF7C7FD08B1C7
:105C6000FCF7C3F96020CDE90004029400226946E4
:105C700011480494FDF7AFFF08B1FCF7B6F9042210
:105C800069460D48FDF7A7FF08B1FCF7AEF90822F9
:105C900069460948FDF79FFF08B1FCF7A6F90C22F9
:105CA00069460548FDF797FF08B1FCF79EF90248E1
:105CB000FDF7FEFE0AB010BD300E002010B58AB010
:105CC000002407941C2168460894FAF784FC1648BF
:105CD0001449C0E900144FF6FF71C0E90241802168
:105CE00004618161FDF7DDFF08B1FCF77EF90794DF
:105CF00007A90D480894FDF779FD08B1FCF775F97F
:105D00006020CDE90004029400226946064804940C
:105D1000FDF761FF08B1FCF768F90348FDF7C8FE1D
:105D20000AB010BD00040040780E002010B58AB003
:105D3000002407941C2168460894FAF74CFC164886
:105D40001449C0E900144FF6FF71C0E902418021F7
:105D500004618161FDF7A5FF08B1FCF746F90794DE
:105D600007A90D480894FDF741FD08B1FCF73DF97E
:105D70006020CDE90004029400226946064804949C
:105D8000FDF729FF08B1FCF730F90348FDF790FE55
:105D90000AB010BD00080040C00E002010B592B03F
:105DA00000240F941C2108A81094FAF714FC202159
:105DB0006846FAF710FC20481E49C0E900144FF667
:105DC000FF71C0E9024180210461C0E90541FDF78E
:105DD00068FF08B1FCF709F90F940FA91648109451
:105DE000FDF704FD08B1FCF700F96020CDE90804D7
:105DF0000A940B940C940D94082208A90E480E9452
:105E0000FDF7E9FE08B1FCF7F0F800944FF40050FC
:105E1000CDE904400294019403946946064807942E
:105E2000FDF7BAFC08B1FCF7E0F80348FDF740FEC7
:105E300012B010BD00040140080F002010B588B05A
:105E40001C216846FAF7C7FB124811490024C0E933
:105E500000144FF6FF71C0E90241802104618161A5
:105E6000FDF71FFF08B1FCF7C0F86020CDE9000482
:105E700002940022694607480494FDF7ACFE08B17D
:105E8000FCF7B3F80348FDF713FE08B010BD00009F
:105E900000400140500F00200C4810B50A49016035
:105EA0004FF4E1314160002181600C22C160C0E902
:105EB00004128161C161FEF7DDF9002803D0BDE85D
:105EC0001040FCF792B810BD00100140980F002060
:105ED0000C4810B50A4901604FF4E13141600021DE
:105EE00081600C22C160C0E904128161C161FEF7CA
:105EF000C1F9002803D0BDE81040FCF776B810BD0A
:105F000000440040E00F00200C4810B50A49016031
:105F10004FF4E1314160002181600C22C160C0E991
:105F200004128161C161FEF7A5F9002803D0BDE824
:105F30001040FCF75AB810BD00480040281000205F
:105F40000C4810B50A4901604FF4E131416000216D
:105F500081600C22C160C0E904128161C161FEF759
:105F600089F9002803D0BDE81040FCF73EB810BD09
:105F70000014014070100020704700000F49D1EC60
:105F8000021A71EE821A21EEC11A70EE201A71EE19
:105F9000C11AC0ED001A70EE601A71EE811AC0EDE0
:105FA000011A70EE601A30EE200A71EEC11A30EE5E
:105FB000010AC0ED021A80ED030A704700000020BC
:105FC000FEE7FEE7002811D000229FED090A0270CB
:105FD00080ED040A80ED050A80ED060A80ED070ACF
:105FE000B7EE000A80ED080A00F06AB870470000BA
:105FF0000000000008B1007808B1002070470120BF
:106000007047000010B504002DED028BF0EE408AC1
:106010004DD0F5EEC08AF1EE10FA02D2B1EE680A68
:1060200001E0B0EE680A10EE100A2249884206DA52
:10603000BDEC028B2046BDE8104000F075B8D4EDF1
:10604000020AB0EE001A94ED038A60EE810A20EE97
:10605000800ADFED190A20EE200A01F0B1FDB4EE4E
:10606000C80AF1EE10FA01D2B0EE408A18EE100A1A
:10607000B0F17E5F01DAB7EE008A9FED100AF5EE0F
:10608000C08AC4ED068AF1EE10FA84ED070A84EDA9
:10609000050A02DBB7EE000A01E0BFEE000A84ED5C
:1060A000080A20EE080A012084ED040A2070BDECE5
:1060B000028B10BD6F12833ACDCCCC3E00000000A5
:1060C00000282DD000292BD091ED000AB5EEC00A92
:1060D000F1EE10FA01DCB7EE000A80ED010AD1ED15
:1060E000010AF5EEC00AF1EE10FA01DCF7EE000A43
:1060F000C0ED020AD1ED020AF5EEC00AF1EE10FA87
:1061000001DCDFED080AC0ED030AF4EEC00AF1EE8F
:1061100010FA05DBF5EE000A20EE200A80ED030AF6
:106120007047000000000000002807D000219FED0C
:10613000040A017080ED040A80ED050A7047000032
:1061400000000000B0EE402A9FED530A002879D0ED
:106150000178002976D0B5EEC02AF1EE10FA71D997
:10616000D0ED061AF5EEC01AF1EE10FA02D2F1EEF9
:10617000610A01E0F0EE610A90ED071AB0EE603AB4
:10618000B5EEC01AF1EE10FA02D2F1EE410A01E0CA
:10619000F0EE410A73EE602AF5EEC02AF1EE10FA35
:1061A00001D2F0EE402AD0ED040AF5EEC00AF1EE7D
:1061B00010FA01D2F1EE600AD0ED023AB0EE004AD8
:1061C00060EEA04A23EE845A84EE854AF6EE004A39
:1061D00060EEA44A04EE824AF4EEC42AF1EE10FA0C
:1061E00001D803210BE001290AD1D0ED012AF4EEF8
:1061F000E02AF1EE10FA03D8F0EE620A02210170F3
:10620000C9B2012906D0022901D0032905D080EDA9
:10621000050A06E0C0ED053A03E0F1EE632AC0EDA1
:10622000052AD0ED052A002142EE820AF5EEC00AC9
:10623000F1EE10FA07D2C0ED071A80ED040A80EDE6
:10624000050A01707047D0ED012AF4EEE02AF1EE64
:1062500010FA01D2F0EE620AD0ED082A62EEA00A2E
:10626000C0ED040A00EE821A80ED071AB5EEC01ADE
:10627000F1EE10FA01D2B1EE411AB4EEC31AF1EE0A
:1062800010FA06DBC0ED071A80ED040A80ED050A5E
:10629000017090ED040A7047000000000F4810B52F
:1062A000026853219162026844F61F61D162C160A5
:1062B0000121FDF751FB00210848FDF77DFD082174
:1062C0000648FDF779FDB421002000F009F8872188
:1062D000BDE81040012000F003B80000300E00209F
:1062E00002281AD2134A32F81020914200D91146DE
:1062F0004FF4FA635943B1FBF2F10E4B01F5FA7119
:106300001B1D03EBC002526842B1042A0BD053F8A4
:106310003000082A00680BD00164704753F8300041
:1063200000684163704753F830000068816370472C
:10633000C163704700A8000886B003F001FF049015
:1063400001F0CEFE684601F057FE684600F030FDD1
:10635000012104A803F016F9F2E708B503F0F0FEF6
:10636000009002F057F80121684603F00BF9F8E7B6
:106370002DED048B8EB0DAA001F0F8FFE2A001F061
:10638000F5FF02F011F84FF47A794C46484602F0D6
:10639000F9F9E6A001F0EAFF02F002F8204602F067
:1063A000F1F9D9A001F0E2FF01F0FEFF204602F072
:1063B000E9F9E7A001F0DAFF002002F027F840F247
:1063C000DC55284602F0DEF9E8A001F0CFFF872077
:1063D00002F01CF8284602F0D5F9EBA001F0C6FF48
:1063E0004FF4877002F012F8284602F0CBF9EDA0C6
:1063F00001F0BCFF872002F009F8204602F0C2F944
:10640000F1A001F0B3FFF94801F0B0FF9FEDF88A69
:10641000F0EE480AB0EE601A9FEDF60A01F042FE77
:10642000F5A001F0A3FFDFEDFD9ADFEDFD8A00BFCF
:10643000F0EE480AB0EE690A02F006F9F0B106AAD9
:1064400005A904A801F0C2FD069804F0E3F8064689
:106450000F46059804F0DEF804460D46049804F053
:10646000D9F88DE8F00041EC100BEEA053EC102BA6
:1064700001F07CFF0A2002F085F903E00A2002F017
:1064800081F9D5E7B0EE480A4946F0EE400A00200F
:1064900001F07CFC804608AA0AA901A801F022FDAF
:1064A0000DAA0CA90BA801F091FD0D9804F0B2F80B
:1064B00004460D460C9804F0ADF806460F460B98BE
:1064C00004F0A8F802AA82E8C300BDF92800CDE9CB
:1064D00006450090BDF904309DF820204146E04873
:1064E00001F044FF23E000BFB0EE480AF0EE400A9E
:1064F00002F0AAF8D8B106AA04A905A801F066FD21
:10650000069804F087F806460F46049804F082F8CF
:1065100004460D46059804F07DF88DE8F00041EC46
:10652000100BC0A053EC102B01F020FF23E00A2039
:1065300002F028F9D8E75A2001F0F4FFD8B106AAF2
:1065400005A904A801F042FD069804F063F8064688
:106550000F46059804F05EF804460D46049804F0D2
:1065600059F88DE8F00041EC100BBEA053EC102B55
:1065700001F0FCFE27E00A2002F004F9DBE700BF8F
:10658000F0EE680AB0EE480A02F05EF8D8B106AA4A
:1065900004A905A801F01AFD069804F03BF8064688
:1065A0000F46049804F036F804460D46059804F0AA
:1065B00031F88DE8F00041EC100B9AA053EC102B51
:1065C00001F0D4FE27E00A2002F0DCF8D8E700BF93
:1065D000B0EE480AF0EE400A02F036F8D8B106AA4A
:1065E00004A905A801F0F2FC069804F013F8064689
:1065F0000F46049804F00EF804460D46059804F082
:1066000009F88DE8F00041EC100B86A053EC102B3C
:1066100001F0ACFE23E00A2002F0B4F8D8E7002035
:1066200001F080FFD8B106AA05A904A801F0CEFCAC
:10663000069803F0EFFF06460F46059803F0EAFFC1
:1066400004460D46049803F0E5FF8DE8F00041ECA8
:10665000100B84A053EC102B01F088FE27E00A20D9
:1066600002F090F8DBE700BFF0EE480AB0EE680AEF
:1066700001F0EAFFD8B106AA04A905A801F0A6FC1A
:10668000069803F0C7FF06460F46049803F0C2FFC2
:1066900004460D46059803F0BDFF8DE8F00041EC7F
:1066A000100B60A053EC102B01F060FE0FE10A20EC
:1066B00002F068F8D8E700BFB0EE480AF0EE400AF2
:1066C00001F0C2FF58B106AA05A904A801F07EFC9A
:1066D000069803F09FFF06460F460598E0E0F6E0B7
:1066E0000D0A5B736572766F5D203D3D3D205365FD
:1066F00072766F2054657374205374617274203DF8
:106700003D3D0D0A000000005B736572766F5D20F1
:1067100047726970706572204F50454E202831389D
:1067200030646567292E2E2E0D0A00005B7365729A
:10673000766F5D204772697070657220434C4F53CD
:1067400045202830646567292E2E2E0D0A00000092
:106750005B736572766F5D20526F74617465203073
:106760006465672E2E2E0D0A000000005B736572B3
:10677000766F5D20526F74617465203133356465C6
:10678000672E2E2E0D0A00005B736572766F5D20FA
:10679000526F74617465203237306465672E2E2E17
:1067A0000D0A00005B736572766F5D20526F746135
:1067B00074652031333564656720286D6964292E3E
:1067C0002E2E0D0A000000005B736572766F5D204F
:1067D0003D3D3D20536572766F20546573742044AF
:1067E0006F6E65203D3D3D0D0A0D0A00E4A90008CD
:1067F00000000000000043C40D0A5B7461736B5D10
:106800002073657420706F736520746F2028302C9E
:10681000203935302C2030290D0A00000000FA42C2
:106820000000C3435B7461736B5D20666F727761B8
:10683000726420646F6E652C20706F736528252E3E
:1068400031662C20252E31662C20252E31662920FC
:106850002D3E2072657475726E696E670D0A0000B8
:1068600054A900085B7461736B5D207475726E319E
:1068700020646F6E652C20706F736528252E31663D
:106880002C20252E31662C20252E316629202D3EE8
:106890002072657475726E696E670D0A00000000E3
:1068A00003F0B8FE04460D46049803F0B3FE41EC35
:1068B000100B53EC102BAFF294008DE8F00001F0B8
:1068C00055FD0A2001F05EFF6FF0590803E00A2031
:1068D00001F058FFF0E6404601F024FE08B306AA96
:1068E00004A905A801F072FB069803F093FE064682
:1068F0000F46049803F08EFE04460D46059803F0FB
:1069000089FE41EC100B53EC102BAFF2A8008DE880
:10691000F00001F02BFD0A2001F034FF9FED3B9ABF
:1069200003E00A2001F02EFFD5E7F0EE490AB0EEB1
:10693000480A01F089FEE0B108AA05A904A801F0FF
:1069400045FB089803F066FE06460F46059803F0DF
:1069500061FE04460D46049803F05CFE41EC100B0A
:1069600053EC102BAFF244108DE8F00001F0FEFC68
:106970002CE00A2001F006FFD7E700BFB0EE480A7E
:10698000F0EE400A01F060FE00B308AA07A906A8CD
:1069900001F01CFB089803F03DFE06460F460798E1
:1069A00003F038FE04460D46069803F033FE41EC32
:1069B000100B53EC102BAFF294108DE8F00001F0A7
:1069C000D5FC0E240A2001F0DDFE03E00A2001F0D0
:1069D000D9FED3E70A2001F0D5FE0E2CFAD2DFE86B
:1069E00004F0131211100F0E120D0C0B0A090807F8
:1069F00071E779E5C2E745E597E710E65CE633E63F
:106A0000E6E598E5BCE5E5E712E500000000C3C354
:106A10002DED028B82B0FEF725FE01004FF47A7552
:106A200006D023A001F0A2FC284601F0ABFEFBE754
:106A30002EA001F09BFC4FF48070FEF7B1FDFEF735
:106A400005FE10EE100A03F0E5FD41EC100B37488F
:106A500053EC102B01F08AFC03220021012002F0EC
:106A600081FF334C206070B103F06AFB9FED318AE7
:106A7000CDF80000FEF758FF0521206803F004FA66
:106A8000012807D00EE02CA001F070FC284601F090
:106A900079FEFBE7B0EE480AFEF754FEFEF7DCFD98
:106AA00001F086FA0121684602F06CFDE2E7000081
:106AB0005B6779726F5D204D5055363035302069F7
:106AC0006E6974206661696C65642C20636F64650F
:106AD0003D2564202872756E206F6E206F646F6D87
:106AE000206F6E6C79290D0A000000005B677972D7
:106AF0006F5D204D50553630353020696E697420F9
:106B00006F6B2C2063616C6962726174696E6720BF
:106B1000796177206269617320286B6565702073E5
:106B200074696C6C292E2E2E0D0A00009CA9000899
:106B3000680000206F12833A5B6779726F5D207383
:106B4000656D20637265617465206661696C65645A
:106B50000D0A00002DE9F041284953200968886298
:106B60002749096888622749A72009688862264959
:106B700009688862254909688862254F002440F227
:106B8000E7364FF4FA7500BF07EB0412D2E90001B3
:106B9000F1B1042921D008290168CB6923D043F43D
:106BA0000063CB610168CE62C6605168F1B104290F
:106BB0001FD0006808291FD00564918990680022C1
:106BC000FBF7F2FC641CE4B2052CDDD3BDE8F081D8
:106BD00001688B6943F0080303E001688B6943F4A3
:106BE00000638B61DEE743F00803DAE70068456382
:106BF000E3E700688563E0E7C563DEE7780E002021
:106C0000C00E0020E80D0020080F0020500F0020CB
:106C100020A7000870B505282DED028B73D25549C9
:106C200001EB0014544901EB8001D1ED001A70EE24
:106C3000610AF5EEC00AF1EE10FA02D2B1EE601A66
:106C400001E0B0EE601A11EE100A4C4A90420EDDDF
:106C5000F5EEC00AF1EE10FA02D26FF0F90000E092
:106C6000FA2000EE100AB8EEC00A30EE210A81EDDB
:106C7000000AB0EE408AB5EEC08AF1EE10FA01D2F9
:106C8000B1EE488A18EE100AB0F1834F1CDA02F018
:106C90007BFB6168002069B104290FD008292168B5
:106CA00009680FD0C1F84000BDEC028BBDE8704010
:106CB00002F08ABB216809684863F5E72168096822
:106CC0008863F1E7C863EFE718EE100A2C498842A1
:106CD00001DD9FED2C8AB5EEC00AA189F1EE10FA14
:106CE000A06801DB002200E00122FBF75DFC9FEDC4
:106CF000260AC0EE080ABCEEE00A10EE105A022D79
:106D000002D2022505E026E0B5F5803F01D34FF61B
:106D1000FF7502F039FB2168681E0968C8622168A6
:106D2000C8606068D0B104281DD0216808284FEAE7
:106D3000550009681CD0086402F046FBD4E9000144
:106D4000FDF73AF8A07B002805D020680068416C68
:106D500041F400414164BDEC028B70BD21686808BC
:106D600009684863E8E72168680809688863E3E719
:106D7000C863E1E720A700089401002000007A43DF
:106D8000005043470050434700247449052809D266
:106D9000DFED050A80EE201A9FED040A21EE000ABD
:106DA000FFF738BF70470000959E6B4300004845D1
:106DB00070B505465FF0000405EB840090ED000A15
:106DC0002046FFF7E3FF641CE4B2052CF4D370BD4A
:106DD00010B54FF0E020006903F0A4F9012803D0BA
:106DE000BDE8104002F0A8BD10BD000030B593B062
:106DF00030216846F9F7EFFB14210CA8F9F7EBFBFB
:106E00001D480025016841F080510160006800F0D4
:106E1000805011901948016841F480410160006878
:106E2000022400F4804011900120009000040190A1
:106E30008001CDE9064004200890A820CDE909048E
:106E400007200B906846FCF7EFFA08B172B6FEE730
:106E50000CA90F2081E831004FF4A0500F904FF49F
:106E60008050109005210CA8FCF7D4F9002801D01F
:106E700072B6FEE713B030BD4038024000700040EB
:106E80000248016841F470010160704788ED00E03C
:106E900010B50448FCF774FDBDE810400248FCF74B
:106EA0006FBD0000080F002078110020F0B50268C7
:106EB000274B284D284E294F294C4FF0804C9842A3
:106EC00009D0604507D0A84205D0B04203D0B842EF
:106ED00001D0A04204D122F0700E4A6842EA0E02AC
:106EE00098421BD0604519D0A84217D0B04215D0A7
:106EF000B84213D0A04211D01A4DA8420ED01A4D5C
:106F0000A8420BD0194DA84208D0194DA84205D06F
:106F1000184DA84202D0184DA84203D122F4407562
:106F2000CA682A434D6922F080022A438D68C562EF
:106F30000D688562984201D0A04201D109690163C0
:106F4000016841F004010160012141610260F0BD6E
:106F5000000001400004004000080040000C004018
:106F6000000401400040014000440140004801404D
:106F700000180040001C00400020004010B501F047
:106F80001F030121046A99408C430462016A9A40FC
:106F90001143016210BD0000F0B5036A026A22F0DD
:106FA0000102026242688469124E24F073050C6883
:106FB0002C4323F002058B682B430D4DA84201D0D2
:106FC000B04205D123F00807CB683B4323F004030C
:106FD000A84201D0B04205D14D6922F44072154358
:106FE0008A692A4342608461496841630362F0BD53
:106FF0000000014000040140F0B5026A036A23F07A
:1070000010030362436884690D6824F4E64444EA8B
:1070100005248D6822F0200242EA05120F4D104E21
:10702000A84201D0B04206D1CF6822F0800242EAE5
:10703000071222F04002A84201D0B04207D14D69A8
:1070400023F4406343EA85038D6943EA8503436083
:107050008461496881630262F0BD00000000014064
:1070600000040140F0B5026A036A23F480730362EE
:107070004368C46922F4007224F073050C68124E50
:107080002C438D6842EA05220E4DA84201D0B04241
:1070900006D1CF6822F4006242EA072222F480621D
:1070A000A84201D0B04207D14D6923F4405343EACE
:1070B00005138D6943EA05134360C4614968C163E0
:1070C0000262F0BD000001400004014030B5046AD6
:1070D000026A22F4805202624268C3690D6823F496
:1070E000E64343EA05238D6824F4005444EA05345A
:1070F000084DA84202D0084DA84204D14D6922F49F
:10710000804242EA85124260C361496801640462B8
:1071100030BD0000000001400004014010B5806B4C
:107120000021C185FCF734FF10BD70B5846B206869
:10713000406994F84110C0F3C0100025212904D102
:1071400018B1E584204600F0B4F82068406994F84E
:107150004210C0F38010222904D118B1E5852046E1
:1071600000F080F8606C40F0100060642046FCF78E
:107170000FFF70BD10B50146806B096809684FF0BC
:107180000002C9052ED4C28501680C3151E8003FC8
:1071900023F4807341E80034002CF5D101681431E8
:1071A00051E8003F23F0010341E80034002CF5D101
:1071B0000168143151E8003F23F0400341E80034F6
:1071C000002CF5D1202180F84210016B012909D152
:1071D00001680C3151E8003F23F0100341E800340E
:1071E000002CF5D14263016B012902D0FDF756F95D
:1071F00010BD818DFCF74FFE10BD10B5806B0121D5
:107200004163016B012902D0FDF768F910BD818D42
:107210004908FCF740FE10BD10B50146806B0968B7
:107220000968C90516D40021C1840168143151E8E8
:10723000002F22F0800241E80023002BF5D10168E5
:107240000C3151E8002F42F0400241E80023002BAE
:10725000F5D110BDFDF7D6F910BD10B5806BFDF767
:10726000F1F910BD01680C3151E8002F22F4907241
:1072700041E80023002BF5D10168143151E8002FBB
:1072800022F0010241E80023002BF5D1016B012916
:1072900009D101680C3151E8002F22F0100241E8B9
:1072A0000023002BF5D1202180F84210002101633A
:1072B000704701680C3151E8002F22F0C00241E80C
:1072C0000023002BF5D1202180F84110704708B52C
:1072D00090F84210222901D0022008BD82684FF4A4
:1072E00080539A4201D1016921B1816A9A421BD02F
:1072F0004AB10AE00268816A5268C2F308020A8051
:10730000816A891C08E0026972B10268526802F061
:107310007F020A70816A491C8162C18D491E09047D
:10732000090CC18503D01BE002685268F1E70168CF
:10733000CA6822F02002CA600168CA6822F480721A
:10734000CA6001684A6922F001024A61202180F87E
:10735000421000214163026B012A03D0FDF79EF821
:10736000002008BD016301680C3151E8002F22F0B4
:10737000100241E80023002BF5D101680A68D2060B
:1073800002D50A6849680091818DFCF784FDE7E722
:1073900070B5044600680169E26821F44051114368
:1073A00001612169A068E2690843616911430843EA
:1073B0002168CA6849F20C639A430243CA60206894
:1073C0004169A26921F4407111434161314920684A
:1073D000884202D03049884202D1FBF7E5FF01E044
:1073E000FBF7D2FFE2690023192164253226B2F5AA
:1073F000004F626828D0A0FB0101930F9200F8F7BC
:10740000E9FF0146B0FBF5F06FF01802504301EBC5
:10741000800006EB0010B0FBF5F000F0F002B1FBCD
:10742000F5F002EB0012B1FBF5F06FF018035843D2
:1074300001EB800006EB0010B0FBF5F000F00F0050
:1074400021681044886070BDA0FB010192185B4167
:10745000F8F7C0FF0146B0FBF5F00201B1FBF5F013
:107460006FF01803584301EB800006EBC000B0FB3F
:10747000F5F000F0F80002EB4002B1FBF5F05843E4
:1074800001EB800006EBC000B0FBF5F000F0070058
:10749000D6E70000001001400014014038B58162B9
:1074A00004468285002013466064222284F842202C
:1074B000E56B1F4AEA63E56B1E4A2A64E56B1E4AC8
:1074C000EA64E26B10650A462168E06B091DFAF771
:1074D00029FF30B110206064202084F84200012090
:1074E00038BD2068016840680090206948B1206874
:1074F0000C3050E8001F41F4807140E80012002A6F
:10750000F5D12068143050E8001F41F0010140E837
:107510000012002AF5D12068143050E8001F41F015
:10752000400140E80012002AF5D1002038BD0000DB
:1075300075710008FB7100082B7100082DE9F843F4
:10754000984617460D460446089E24E0701C22D03B
:10755000FBF730F8A0EB0800B0421AD8CEB1206893
:10756000C168490717D5802D15D0402D13D001686B
:10757000C94309070FD401680025406800902046E0
:10758000FFF770FE0820606484F840500120BDE8D9
:10759000F8830320FBE72068006835EA000004D088
:1075A0000020B842D2D00020F1E70120F9E7000026
:1075B0000148FCF71FBD0000E00F0020FEE703B408
:1075C00001984100009850EAC12018BF04204A0DDC
:1075D00018BF40F0010040F2FF72B2EB515F08BFEC
:1075E00040F00200012808BF052002B070474100AA
:1075F000080218BF04200A0E18BF40F001004FF027
:107600007F4232EA010108BF40F00200012808BFB2
:10761000052070470907090E002804DB00F1E0206F
:1076200080F80014704700F00F0000F1E02080F8AF
:10763000141D704770B54FF068422DED048BF0EECD
:10764000408A18EE900AB0EE608A18EE101A02EB2B
:107650004003B3F1654F3CBF02EB4102B2F1654F0D
:107660007DD200BFC0F3C753C1F3C7529A1A1B2A79
:1076700009DD10F0004F14BF9FED830A9FED830AD0
:10768000BDEC048B70BD12F11A0F36DA11F0004F09
:1076900009D010F0004F0CBF9FED7D0A9FED7D0AD1
:1076A000BDEC048B70BD88EE889A19EE100AFFF7C6
:1076B0009EFF042808BF00F0AFFA18EE900AFFF70B
:1076C00096FF054618EE100AFFF791FF044619EEE3
:1076D000100AFFF78CFF042D18BF052D08D1042CCC
:1076E00018BF052C04D1002804BF0220F8F7A2FF20
:1076F000B0EE490ABDEC048B70BD4200B2EB410F05
:107700003AD910F0004F19BFDFED630A9FED630A0D
:10771000DFED630A9FED630AB0EE481A0A46B1EE48
:10772000688A80F00041F0EE418A10460A1A520041
:10773000B2F1807F34D2484010F0004FDFED5A1A8A
:107740009FED5A2A1DBFBEEE001A70EEE10A30EE20
:10775000420AB6EE001A08BF70EEA10A00E040E04F
:1077600008BF30EE020AB0EE682A01EE482A08EEA1
:10777000818AC2EE081A15E011F0004F04BF9FED98
:107780004C0AF0EE400AD1D010F0004F19BFDFEDE7
:10779000490A9FED490ADFED490A9FED490AC5E70D
:1077A000C8EE881A21EEA11A9FED462ADFED462A7F
:1077B00041EE022A9FED452A01EE222ADFED442AFE
:1077C00041EE022A9FED432ABDEC048B01EE222AF2
:1077D00021EE811A01EE020A30EE210A30EE200A73
:1077E00070BD4FF07F42B2EB400F28BFB2EB410FAC
:1077F00009D2F0EE480AB0EE680ABDEC048BBDE891
:10780000704000F0FDB940EA01035B0008BF41F0A1
:10781000FF410BD0B2EB400F08BFB2EB410F08D1D4
:1078200020F0804008EE900A21F0804108EE101A06
:1078300018E7B2EB400F12BF5FEA410340F0FF4090
:1078400001F000413FF40EAFB2EB410F12BF5FEA0F
:10785000400200F0004041F0FF413FF403AF4A0016
:1078600092EA40033FF5FEAE002AACBF9FED1A0A34
:107870009FED1A0A68EE808A28EE008A18EE900AB8
:1078800018EE101AEEE60000DB0FC9BFDB0FC93F90
:10789000DB0F4940DB0F49C00000C9BF22AAFDB978
:1078A0000000C93F22AAFD390060ED3EC30ACE3771
:1078B00000000000000049C022AA7DBA0000494033
:1078C00022AA7D3A2DAD65BD8FB8D53D0FB511BE4D
:1078D00061C84C3EA8AAAABE0000804F0000802FBD
:1078E00010EE101A08B5444A6846B2EB410F28D989
:1078F0004FF0E640B0EB410F94BF00204FF0FF3057
:1079000000900098002861DB60EE000A10F0010F83
:1079100045D010F0020FDFED391A9FED391A00EE55
:10792000E11ADFED381A40EE811A21EEA01AF0EECE
:10793000400A40EE010A08BFF1EE600AB0EE600AAC
:1079400008BD314B21F0004293423CD911F0004F69
:10795000DFED2E0A20EE201ADFED2D0A19BF31EEE1
:10796000601A71EE200A31EE201A71EE600ABDEE47
:10797000E01A11EE100A9FED271A00F0030000EE46
:10798000C10A9FED251A009000EEC10A9FED231A4F
:1079900000EEC10A9FED221A00EEC10AB1E79FED89
:1079A000211A9FED210A10F0020F00EE810A9FEDCF
:1079B0001F1A00EE801AB7EE000A00EE810A18BF07
:1079C000B1EE400A08BD00F02FF99AE710EE100A58
:1079D0004000B0F17F4F3CBFB7EE000A08BD07D1B1
:1079E0004FF00100F8F726FEBDE8084000F00CB9A2
:1079F000BDE8084000F001B9B61F927E336D4C39E6
:107A0000DA82083CA0AA2ABE490E494683F9223FE1
:107A10000000004B0000C93F00A0FD390020A23348
:107A20001A61342CB93AB2BACA9F2A3DDDFFFFBEB3
:107A300000B510EE101A2DED028B81B0524A684647
:107A4000B2EB410F2ED94FF0E640B0EB410F94BF9F
:107A500000204FF0FF3000900098B0EE408A0028E0
:107A60006ADB10F0010F4BD068EE080A9FED471A51
:107A70009FED470A00EE810A9FED461A10F0020FB3
:107A800000EE801AB7EE000A00EE810A02BF01B0D4
:107A9000BDEC028B00BD00BF01B0B1EE400ABDECF1
:107AA000028B00BD3C4B21F00042934241D911F0C2
:107AB000004FDFED3A0A20EE201ADFED390A19BF38
:107AC00031EE601A71EE200A31EE201A71EE600A72
:107AD000BDEEE01A11EE100A9FED321A00F003001D
:107AE00000EEC10A9FED301A009000EEC10A9FED32
:107AF0002F1A00EEC10A9FED2E1A00EEC10AABE765
:107B000028EE080A9FED2B1ADFED2B0A10F0020F6A
:107B100040EE410A9FED291A00EE201A61EE000A9C
:107B2000B0EE480A08EE200AB6D101B0BDEC028BD7
:107B300000BD00F079F88FE718EE100A4000B0F1B0
:107B40007F4F0DD218EE100AFFF751FD042808BF31
:107B500000F062F8B0EE480A01B0BDEC028B00BD47
:107B600009D10120F8F766FD01B0BDEC028B5DF88C
:107B700004EB00F049B801B0B0EE480ABDEC028B4E
:107B80005DF804EB00F039B8B61F927EB93AB2BA8C
:107B9000CA9F2A3DDDFFFFBE490E494683F9223FB9
:107BA0000000004B0000C93F00A0FD390020A233B7
:107BB0001A61342C336D4C39DA82083CA0AA2ABEF3
:107BC00010B52DED028BB1EEC08A18EE100A20F030
:107BD0000040C0F1FF40C00F0AD010EE100A20F0A4
:107BE0000040C0F1FF40C00F04BF0120F8F722FDA4
:107BF000B0EE480ABDEC028B10BD30EE000A7047B3
:107C000030EE200A70470000DFED020A80EEA00A85
:107C100070470000000000009FED020A20EE000AFD
:107C200070470000000000102DE9F0014FF07F4286
:107C3000B2EB410F9FBF4FF0FF310160BDE8F00193
:107C400070474FF0004242EA0123C1F3C752783A2D
:107C5000551112F01F0C434CCCF120067C44C1F3AB
:107C6000C752A2F178024FEA621204EB820254F882
:107C7000254008BFD2E9015612D0556804FA0CF429
:107C800025FA06F73C43976805FA0CF527FA06F83B
:107C9000D26807FA0CFCF24045EA08054CEA0206F5
:107CA000A4FB034CA5FB0352A6FB03631D449D42AA
:107CB00034BF012600261319334416B1934202D96A
:107CC00003E0934201D2012200E00022624402F16B
:107CD000200C9206DC0C42EA443200EE102A5B03D0
:107CE000DFED210AF8EEC01A00EE103A4FEA9C1CB4
:107CF00011F0004FB8EE400AC0F800C020EE201A84
:107D000000EE105ADFED190AB8EE400A20EE200A04
:107D100071EE810A70EE800A10EE902A02F5006280
:107D20006FF30B0200EE902A70EEE11A31EEC11AE9
:107D3000DFED101A30EE411A9FED0D0A20EE800A99
:107D400001EE210A9FED0C1A00EE810A04BFBDE886
:107D5000F0017047CCF180510160BDE8F001B1EE57
:107D6000400A7047182C0000000000360000802CEC
:107D700022AAFD29DB0FC92F0000C92F30380A289D
:107D800001D2012070470020704700002DE9F0412A
:107D9000524C05462DED028B86B0E0680E46F0EEA3
:107DA000608AB0EE408A00286FD0206900286CD02D
:107DB0000EB94FF4FA760021E06802F065F8012868
:107DC000F9D00021206902F05FF80128F9D043487A
:107DD000AA21083001705521417085700127677014
:107DE00000F10C0108223E48FCF74AFB002508B1CF
:107DF00065704AE027703949032208313848FCF79A
:107E0000BFFB28B1257065703548FCF745F83CE0AC
:107E10006421E06802F038F8DFF8C4806FF00F07E3
:107E2000012825700AD065704046FCF77FF82C4881
:107E3000FCF732F8D8F80000076026E04FF47A70BB
:107E40004643B6FBF0F1206902F01EF80128657088
:107E5000EDD1224914310878AA2816D1487855283E
:107E600013D1002210460B5C401C5A400728FADB55
:107E7000C879904209D18878B1F90350B1F9056009
:107E8000A070A580E680012805D0002006B0BDECDA
:107E9000028BBDE8F0816A4604A903A800F096F8B9
:107EA00002AB01AA9DED000A3146284600F046F8D3
:107EB0009DED010A38EE408A9DED020A78EEC08AF7
:107EC00001F062FA9DED001AF0EE680AB0EE480A81
:107ED00000F0E8F801F078FA0120D7E7240000204C
:107EE000E00F002010B5064B08B19C88048009B152
:107EF000D8880880002A01D09878107010BD000042
:107F00002400002010B50C4CE06828B903220021A1
:107F1000012001F027FDE060206928B9032200213B
:107F2000012001F01FFD2061002020706070A08002
:107F3000E080A07010BD00002400002070B500EEAD
:107F4000901A2DED048B1C46B8EEE01ADFED150AF1
:107F50009FED158A154601EE208A01EE100AB8EE53
:107F6000C11A61EE208ADFED110A60EE209AB0EEB0
:107F7000690AFFF7B5FCF0EE400AB0EE690AB0EE10
:107F8000609AFFF755FD28EE091A08EEC01A28EE90
:107F9000000A08EE890A85ED001A84ED000ABDEC9E
:107FA000048B70BDCDCCCC3D0000F0C235FA8E3CC8
:107FB00010B500F0CDFB0448012180ED040A0173E7
:107FC00080ED020A10BD00000C01002010B514461F
:107FD000084A18B192ED000A80ED000A19B192ED3D
:107FE000010A81ED000A002C03D000F06DF884ED49
:107FF000000A10BD0C010020064A002102EB81039B
:1080000093ED1E0A00EB8103491C83ED000A04294D
:10801000F4DB70470C01002000B51F4887B00EC884
:108020008DE80E0007C803AB83E8070069461B48CC
:10803000FDF7C8FF194803A93030FDF7C3FF174803
:108040009FED170A1C38002180ED000A80ED010A1F
:1080500080ED020A017380ED040A0175012141756A
:1080600080ED060A80ED100A80ED110A80ED120AFB
:10807000F7EE000AC0ED1C0A80ED1D0A5FF000015A
:1080800000EB8102491C82ED1E0A0429F8DB02F094
:1080900083FA07B000BD000008A7000828010020EF
:1080A0000000000010B5074C84EC020AB0EE410A53
:1080B00000F04EFB84ED020A207B002801D084ED05
:1080C000040A10BD0C0100200448017B11B190EDA1
:1080D000040A704790ED020A704700000C0100206E
:1080E0002DE9F0412DED0A8BDFED99AADFED999A8C
:1080F000994C0025B0EE698A207D0126B0EE489AA1
:10810000F0EE488A012802D0022871D198E0924806
:10811000B0EE6A0A1C300746FEF714F8B0EE408A4B
:1081200094ED100AFFF7DCFB20EE089A94ED100A9C
:10813000FFF77EFC60EE088AFFF7C6FFD4ED060A63
:1081400030EEC00A00F004FB02F0DEF900F0D2F9D4
:10815000B0EE408A3846FDF74DFF002848D094ED38
:10816000110AD4ED000A70EE60BA94ED120AD4ED53
:10817000010A30EE60BA2BEEAB0A0BEE0B0AFFF7EA
:108180001FFD10EE100A7549B0EE40AA884208DAC9
:10819000F0EE698A25756675B0EE689AB0EE688A69
:1081A00074E01AEE100A6E49884222DAB2EE000A32
:1081B000F3EE040A6AEE008AB2EE040AF4EEE80A6C
:1081C000F1EE10FA01D2F0EE608AF4EEC08AF1EE20
:1081D00010FA01D2F0EE408A94ED100AFFF780FB0E
:1081E00020EE289A94ED100AFFF722FC60EE288A10
:1081F00068E0FFF769FF00F07DF9B0EE40CAFFF7D5
:108200006FFB60EE2B9AB0EE4C0AFFF711FC4BEEC1
:10821000009AB0EE4C0AFFF763FB20EE0BBAB0EE0B
:108220004C0AFFF705FC0BEEC0BAF0EE690AB0EE9F
:108230004B0AFFF7FFF984ED100AB0EE4A0A3EE060
:108240004548B0EE6A0A4C300746FDF77BFFD4ED97
:108250001C0A20EE800A00F04DF9B0EE408A384644
:10826000FDF7C8FE70B3FFF72FFFD4ED1D0A30EE07
:10827000C00A00F06DFA00F045F910EE100A394915
:10828000884206DA25756675B0EE698A02F084F9CF
:1082900018E0FFF719FFD4ED1D0A30EEC00A00F018
:1082A00057FAB5EEC00AF1EE10FA02DBF7EE000A5B
:1082B00001E0FFEE000AC4ED1C0A00F023F9384685
:1082C000FDF7A0FE2448B0EE481A7830F0EE680AB8
:1082D000B0EE490AFDF752FEFFF7F6FE00F00AF98C
:1082E000B0EE40AAFFF7FCFA60EE099AB0EE4A0A37
:1082F000FFF79EFB48EEC09AB0EE4A0AFFF798FBE4
:1083000020EE099AB0EE4A0AFFF7EAFA08EE809AE0
:1083100094ED000A09EEAA0A84ED000A94ED010A20
:1083200009EE2A0A84ED010A207B00280BD19FED7B
:108330000E0A68EE000A94ED020A00EEAA0A00F0A6
:1083400007FA84ED020ABDEC0A8BBDE8F08100005B
:108350006F12833A000000000C0100200000104161
:108360000000A041CDCCCC3DE12E65420FB4A02150
:1083700010B503AB0848029AF8F7A4F8002808DD06
:10838000A02800DDA02082B2322303490348FCF775
:10839000A6F810BC5DF814FB340C0020980F0020E8
:1083A00000210846FDF79CBFB4210020FDF798BFCF
:1083B0000EB5FDF773FF9FED110A00F037F98DED53
:1083C000000A9FED0F0A00F031F98DED010AB1EEC0
:1083D000040A00F02BF98DED020A69460948FDF701
:1083E000F1FD08489FED080A0838002180ED000AD9
:1083F00001710121417180ED0B0A0EBD0000484260
:108400000000A0420C0C00200000000001460120EA
:10841000FDF766BF2DE9F041314C2DED048BDFED0A
:108420002F8A20799FED2C9AB0EE688A01284AD1D4
:1084300004F10800B0EE490A0746FDF783FE9FED00
:10844000291AB0EE408A3846C0EE010A9FED260A8E
:1084500020EE800AD4ED000A20EE090A30EE800AF0
:1084600084ED000AFDF7C6FD68B394ED0B0AD4ED68
:10847000000A30EE600A00F04DF810EE100A1B49B9
:1084800000250126884210DB94ED0B0AD4ED000A8A
:1084900030EE600A00F0CAF8B0EE408A00F03AF818
:1084A00010EE100A1249884206DA2571667194EDC1
:1084B0000B0A84ED000A04E0B0EE480A3846FDF7E6
:1084C000A1FDB0EE688A0420B0EE480ABDEC048B32
:1084D000BDE8F041FEF79EBB6F12833A000000003A
:1084E000040C002000004845D253FB419A99193EE4
:1084F0006F12833ADFED020A20EE200A7047000077
:1085000035FA8E3CB5EEC00AF1EE10FA01D2B1EEAA
:10851000400A7047B5EEC00AF1EE10FA01D2B1EE92
:10852000400A704770B500EE100A284C2DED028B02
:10853000B8EEC08A207D02280CD194ED1D0A38EED9
:10854000400A00F005F9FFF7DDFF10EE100AB0F168
:108550007C5F37DD207D012803D11C481C30FDF7EE
:10856000E3FDFFF7B1FD38EE400A00F0F1F8F0EE60
:10857000408A84ED1D8AF5EEC08AF1EE10FA02DB26
:10858000B7EE000A01E0BFEE000A84ED1C0A02F01B
:1085900003F8B0EE680AFFF7B5FF10EE100A0C49B9
:1085A0000025884203DA2575012060750AE0B0EEE7
:1085B000680AFFF7A7FF05484C30FDF723FD0220AE
:1085C00020756575607DBDEC028B70BD0C010020CF
:1085D000CDCC4C3DFAF75CFDFEF708FC40F6B83018
:1085E000F9F7D8FEFDF720FAFDF7BEF9FDF7AAFA74
:1085F000FDF716FBFDF762FBFDF798FBFDF7CEFBE1
:10860000FDF71CFCFDF748FCFDF762FCFDF77CFC68
:10861000FDF796FCFDF7B0FCFDF7B4FA00F0C0F8EA
:10862000FDF7D0F900F0CEF8FEE700009FED041A48
:10863000C0EE010A9FED030A20EE800A7047000099
:10864000D253FB410000484570B53F4C2DED068BE1
:10865000F0EE609AB0EE40AA94ED110AD4ED120A41
:10866000207D3AEE400A39EEE08A01280FD1FFF76B
:1086700049FF10EE100A4FF07C55A84207DCB0EE1F
:10868000480AFFF73FFF10EE100AA84258DD207D90
:10869000022803D12C484C30FDF746FDFFF714FDAE
:1086A000FFF728FFF0EE40AA94ED000A3AEE409A58
:1086B00094ED010A39EEC08AB0EE6A0AFFF710F9AC
:1086C00060EE098AB0EE6A0AFFF7B2F948EE008A56
:1086D000B0EE6A0AFFF704F920EE088AB0EE6A0AE3
:1086E000FFF7A6F909EE408A28EEA80A08EE080A64
:1086F000FFF766FAB0EE409A84ED11AAC4ED129A23
:10870000F0EE680AB0EE480AFEF794FF84ED100A16
:10871000FFF7DAFC84ED060A01F03EFF19EE100ABD
:108720000A4900250126884202DA2575667507E0A8
:108730000548B0EE490A1C30FDF764FC26756575E6
:10874000607DBDEC068B70BD0C0100200000404038
:10875000DFED090A094901E030EE600A10EE100A67
:108760008842F9DC064900BF10EE100A884202D3A5
:1087700030EE200AF8E770470000B44300003443AD
:10878000000034C310B5EFF3058111B16FF005049B
:1087900003E0002408B100F0CFFE204610BD000029
:1087A000EFF3058010B16FF00500704704480168D1
:1087B00011B14FF0FF307047012101600020704778
:1087C000DC00002010B5EFF3058010B16FF005005C
:1087D00010BD08480168012902D04FF0FF3010BDDC
:1087E000054A002182F8141D0221016000F09AFF61
:1087F000002010BDDC0000200BE000E02DE9FF416F
:108800004FEA01034FF00005EFF30581039549BBE3
:1088100040B38027182100244AB3166806B13446B5
:1088200096691EB13146761E382E02D21679F607A9
:1088300003D0002004B0BDE8F081566906B1B70846
:10884000D2F808C0BCF1000F0DD0D5685C2D18D34C
:1088500012693AB136B18DE806103A46214601F068
:1088600036FC03900DE0D6685EB912694AB903AAD6
:10887000CDE90012BAB2214601F0FCFB012800D07C
:1088800003950398D6E7028852BA0A80428852BA02
:108890004A80828852BA8A80C28852BACA800289C3
:1088A00052BA0A81428952BA4A81808940BA888183
:1088B000704700002DE9F041134C0F460546E6686D
:1088C0002068001D00F004FD681C07D137B1216845
:1088D000BDE8F0410D48091D00F04ABD206835444F
:1088E000B5424560216805D2A06BBDE8F041091D85
:1088F00000F026BD606B091D00F022FDA06A8542D4
:1089000000D2A562BDE8F0818C000020B0160020E6
:108910002DE9F041054600F037FD2D4CA068401CC4
:10892000A06020682B4F10B1606930B32BE0256048
:10893000A068012827D1002606EB860007EB8000FF
:1089400000F0F0FC761C382EF6D3234800F0EAFC49
:108950002148143000F0E6FC1F48283000F0E2FC0B
:108960001D483C3000F0DEFC1B48503000F0DAFCC3
:10897000194860631430A06305E02068E96AC06AA2
:10898000884200D82560606A401C60626864E86ABA
:108990002169884200D9206100EB800007EB80004C
:1089A000291D00F0E5FC00F00FFD606900280CD0E7
:1089B0002068E96AC06A884207D208494FF08050AF
:1089C0000860BFF34F8FBFF36F8FBDE8F0810000E9
:1089D0008C000020001200206016002004ED00E052
:1089E00038B500F0D1FC104C2068C8B90F4800F031
:1089F00099FC0E48143000F095FC0C48E0601430EF
:108A000020610A4B0020F03B009003F1500210213E
:108A10000A2000F0C8FF206010B105A100F056FD4B
:108A2000BDE8384000F0D0BCC8000020B4170020DA
:108A3000546D72510000000030B4026C0B46002AE5
:108A40000BD0C1681144C1608468A14201D30168A0
:108A5000C16030BC1846F7F74FBD30BC70472DE9F8
:108A6000F041856B174604460026026C82B1C7B1FF
:108A7000E068F7F741FDE168206C091AE1602268BF
:108A8000914202D2A168081AE060022F16D017E0C6
:108A90002068A8B9A06801F0BDFB06460020A060D0
:108AA0000EE06068F7F728FD216C6068084460609C
:108AB000A168884204D32068606001E005B16D1EA2
:108AC0006D1CA5633046BDE8F08110B5044690F8F2
:108AD000590058B101280CD002280FD0502080F343
:108AE0001188BFF34F8FBFF36F8FFEE7206B00F04D
:108AF0007FFC2046BDE8104000F07ABC10BD0000AD
:108B000010484FF47051420706D0C01D0D4920F0A7
:108B10000700411AC1F570510B4A00230144C2E914
:108B200000030839183A21F0070111604B600B600F
:108B30000B1AC0E9001393604FF00040536050617E
:108B400070470000941E0020F8000020144E154CC1
:108B5000A6F29C474FF08058DFF84C9012E000BF1F
:108B600000F012FCF068C568281D00F0B1FBA06899
:108B7000401EA0606068401E606000F025FC284632
:108B8000FFF7A3FF60680028EAD138680128F9D907
:108B9000C9F80080BFF34F8FBFF36F8FF2E700007B
:108BA0009C1600208C00002004ED00E070B51D46EE
:108BB000049C51B1C4F80020C4E90F0101212046F2
:108BC00000F024FF84F84C5070BD2460F4E70000EE
:108BD0002DE9F05F8846DDE90B9415468346910048
:108BE0009A460A9EA522206BF7F7CBFC6FF0030193
:108BF000206B01EB8501084420F00707780707D0B8
:108C0000502080F31188BFF34F8FBFF36F8FFEE7C3
:108C10000025B8F1000F0FD05FF00000221818F8FF
:108C2000001082F8341018F8001011B1401C102800
:108C3000F4D384F8435001E084F83450382E00D344
:108C40003726E662C4E91365201D00F076FB04F1C7
:108C5000180000F072FB2461C6F138006462A06164
:108C6000656584F8585052465946384600F066FA11
:108C70002060B9F1000F01D0C9F80040BDE8F09FB5
:108C800030B5114900E011460A688242FBD34B68B7
:108C90005C18844203D14068184448600846436821
:108CA0001C18944209D1084C183C2468A24209D0EF
:108CB00052681A4442600A6812680260814200D019
:108CC000086030BD0460F9E7F800002070B50024AA
:108CD00041600B4D0061914206D8D11A82699142E0
:108CE00006D2011D286907E09A4203D2994201D3B6
:108CF000012403E0011DE86800F022FB204670BD5E
:108D0000C800002010B5044600F03EFBA06B28B15F
:108D10005FF0000400F058FB204610BD0124F9E785
:108D200030B589B03C4D6EE00498002806DADDE9E4
:108D30000601059A90470498002864DB069C606948
:108D400010B1201D00F0C4FA03A800F0D7F80246C5
:108D500004980A2857D2DFE800F00505052D334AAC
:108D600005052D3394F8280040F0010084F8280010
:108D70000599A069059B01442046FFF7A7FF68B34A
:108D8000216A2046884794F8280040073BD50020F8
:108D900000900598A169002342181946204601F069
:108DA0007FFBD8B9502080F31188BFF34F8FBFF3FA
:108DB0006F8FFEE714F8280F20F00100207022E0EA
:108DC00094F8280040F0010084F828000598A0617C
:108DD00028B1811813462046FFF778FF13E0502092
:108DE00080F31188BFF34F8FBFF36F8FFEE794F8C6
:108DF0002800810703D4204600F0FAFA03E020F0AF
:108E0000010084F82800002204A9286800F0A0FFCF
:108E1000002889D109B030BDC80000202DE9FC41EF
:108E20000F46054600F0C2FC01A800F067F80446B2
:108E3000019818B101F0A2FABDE8FC81254EAFB14E
:108E400030690068D0B30027291B3A46306800F02B
:108E500051FB01F093FA0028EED11F494FF08050EA
:108E60000860BFF34F8FBFF36F8FE5E7A542EBD8E4
:108E700001F084FAF0682746C068C468201D00F03D
:108E800027FA94F82800410719D5A0692B46411903
:108E90003A462046FFF71AFFA8B1002003460146D4
:108EA00000902A46204601F0FBFA60B9502080F37A
:108EB0001188BFF34F8FBFF36F8FFEE707E020F0FD
:108EC000010084F82800216A20468847B4E701277A
:108ED000BAE70000C800002004ED00E00648416B3E
:108EE000096829B1416BC968C968496881627047DE
:108EF0004FF0FF31FAE700008C00002070B5054606
:108F000001F01EF9064E0446B068844203D200F018
:108F100009F8012000E0002028602046B46070BD00
:108F2000C8000020F8B5194D20E0C068C468066884
:108F3000201D00F0CDF9216A2046884794F82800CA
:108F4000400713D5A0693044B04206D9246160605F
:108F5000211DE86800F0F4F908E00020034601460E
:108F600000903246204601F09BFA38B1E86801686B
:108F70000029DAD12969C5E90310F8BD502080F332
:108F80001188BFF34F8FBFF36F8FFEE7C80000203B
:108F900008484068401C4FF0500080F3118804D00E
:108FA000BFF34F8FBFF36F8FFEE7BFF34F8FBFF35A
:108FB0006F8FFEE700010020074CE068016841B1B7
:108FC000C0680021D0F80000FFF728FFFFF7A8FED7
:108FD000F3E701210020F7E7C80000202DE9F04168
:108FE000044600F0D1F994F9455004F1240609E053
:108FF000606A48B1304601F089F908B100F010FB11
:109000006D1E6DB2002DF3DC4FF0FF3684F8456025
:1090100000F0DAF900F0B8F994F9445004F11007BF
:1090200009E0206948B1384601F070F908B100F054
:10903000F7FA6D1E6DB2002DF3DC84F84460BDE8D4
:10904000F04100F0C1B900002DE9F04105460027CC
:1090500000F0ACFB324E306808B9FFF751FD706983
:1090600005424ED1C5B3083568070ED005F007009C
:10907000C0F108000544680707D0502080F311882C
:10908000BFF34F8FBFF36F8FFEE72DB3706885423C
:1090900037D82348183001460C6801E020460C46BA
:1090A0006168A94202D221680029F7D131688C4257
:1090B00027D007682168016060680837411B1029C4
:1090C0000FD96019420708D0502080F31188BFF3F0
:1090D0004F8FBFF36F8FFEE713E041606560FFF7CE
:1090E000CFFD61687068401A7060B268904200D22B
:1090F000B060706901430020C4E90001F068401CC1
:10910000F06001F03BF9780707D0502080F3118818
:10911000BFF34F8FBFF36F8FFEE73846BDE8F08196
:10912000E00000200449086818B10868026D521C6C
:1091300002650868704700008C00002010B5031F0E
:109140004FF080741C601B1F21F001011960191F72
:10915000044B0B6014390A60091F6FF00202443897
:109160000A6010BD918F00080EB58DE80E00024612
:109170000123D0210148F9F787FC0EBDD40C002053
:1091800008B53223022269464120FFF7EDFF18B1EE
:109190000A4890ED050A08BDBDF800009FED081AC9
:1091A00040BA00B200EE100AF8EEC00A80EE810A62
:1091B000DFED040A30EE200A08BD00004000002068
:1091C0000000AA43B81E1242064800219FED060A7D
:1091D0008180C18080ED070A80ED080A41628170BC
:1091E0007047000040000020000000009FED370A9B
:1091F00070B5F0EE400A0024B0EE601A0AE000BF3D
:1092000000EB8405641CD5ED001AA4B201EEA11A8E
:1092100071EEA00A8C42F3D301EE901AB8EE612AE7
:10922000C0EE821A00EE901AB0EE412AF8EE600A03
:1092300082EE201A01EEE11AB5EEC01AF1EE10FA34
:1092400001D2B0EE401AF2EE020A002421EE203ADA
:10925000F0EE402AF0EE400A254614E000EB8506C9
:1092600096ED002A72EE613A63EEA33AF4EEC33A49
:10927000F1EE10FA05DC42EE020A32EE000A641C3E
:10928000A4B26D1CADB28D42E8D3CCB101EE104A50
:10929000F8EE411A80EE211A00EE104AF8EE401A5C
:1092A00080EEA10A82ED001A01EE410A83ED000A68
:1092B000B5EEC00AF1EE10FA01D2C3ED002A70BD7E
:1092C000C2ED001A83ED001A70BD0000000000001E
:1092D000D0E9013201699A60D0E901235A604A68F5
:1092E000824201D182684A60002202610868401E01
:1092F0000860086870470000034B036003F15C00DE
:109300000860802010607047DC170020044B036069
:1093100003F15C0008604FF480701060704700003B
:10932000381A002000F108014FF0FF32C0E90112A5
:10933000C160016100210160704700210161704737
:1093400030B50B685A1C02D000F1080202E0026935
:1093500004E02246546825689D42FAD953684B6060
:1093600099608A60516008610168491C016030BDE4
:1093700042684A6093688B609368596091600861A5
:109380000168491C01607047502080F31188BFF3C9
:109390004F8FBFF36F8F0A494868401C486001280F
:1093A0000CD10848006810F0FF0F07D0502080F360
:1093B0001188BFF34F8FBFF36F8FFEE77047000038
:1093C0000001002004ED00E00849486828B1401E73
:1093D000486001D180F311887047502080F31188D4
:1093E000BFF34F8FBFF36F8FFEE700000001002037
:1093F00070B500282AD0164DA0F10804606869698C
:10940000084207D1502080F31188BFF34F8FBFF37C
:109410006F8FFEE722683AB1502080F31188BFF3C6
:109420004F8FBFF36F8FFEE78843606000F0BEF997
:1094300060686968084468602046FFF721FC286975
:10944000401C2861BDE8704000F098BF70BD00006E
:10945000E00000204FF0E02000210161816105491A
:109460004FF47A720968B1FBF2F1491E416107219C
:10947000016170478800002010B5F6F787FF114999
:1094800010280ED300F1E02090F8F0030A78904203
:1094900007D2502080F31188BFF34F8FBFF36F8F37
:1094A000FEE709480068896800F4E060884207D94F
:1094B000502080F31188BFF34F8FBFF36F8FFEE70B
:1094C00010BD0000000100200CED00E010B5084BBD
:1094D000002200BF53F832401CB1521C082AF9D3B5
:1094E00010BD43F8321003EBC201486010BD00000C
:1094F000C011002070B515460E460446FFF744FF24
:1095000094F944100020491C01D184F8440094F9D6
:109510004510491C01D184F84500FFF755FFA06BA9
:1095200028B92A46314604F1240000F097F8204675
:10953000BDE87040FFF752BD10B5020014D00F48CF
:10954000006B38B1502080F31188BFF34F8FBFF309
:109550006F8FFEE700F02AF900211046FFF7AAF905
:1095600000F00CFF002807D105494FF0805008603B
:10957000BFF34F8FBFF36F8F10BD00008C00002032
:1095800004ED00E070B50D4604000BD095B11E4A05
:10959000106BB8B1502080F31188BFF34F8FBFF329
:1095A0006F8FFEE7502080F31188BFF34F8FBFF31A
:1095B0006F8FFEE7502080F31188BFF34F8FBFF30A
:1095C0006F8FFEE700F0F2F8D268236859199342D2
:1095D00004D98B420AD9914202D807E08B42FAD9CA
:1095E000881A21600021FFF765F900E0216000F092
:1095F000C5FE002807D105494FF080500860BFF331
:109600004F8FBFF36F8F70BD8C00002004ED00E022
:1096100002490A6A0260C968416070478C000020F4
:1096200001490120C86170478C00002010B50C462C
:1096300050B1094909681831FFF782FE2046BDE89C
:1096400010400121FFF736B9502080F31188BFF395
:109650004F8FBFF36F8FFEE78C00002070B514466C
:109660000D4668B10A4909681831FFF781FE0CB14F
:109670004FF0FF3521462846BDE87040FFF71AB984
:10968000502080F31188BFF34F8FBFF36F8FFEE739
:109690008C00002070B504003ED0226DA2B1E06CB9
:1096A000884200D30146E06A884235D0012A33D18E
:1096B0001A4D2A6894420FD1502080F31188BFF3CD
:1096C0004F8FBFF36F8FFEE7502080F31188BFF3F9
:1096D0004F8FBFF36F8FFEE7E162A269002A02DBC2
:1096E000C1F13801A1610E4E00EB8000616906EB0B
:1096F0008000814210D1201DFFF7EAFDE06A296950
:10970000884200D9286100EB800006EB8000211D13
:10971000BDE87040FFF72CBE70BD00008C0000203B
:109720000012002030B587B00024039405AA04A9D4
:1097300003A80494FFF7E0FDDDE903010094CDE9FF
:109740000110002315A11748059A00F0C0FC164D22
:109750000028E8621FD000F073FE012809D0401CE9
:1097600019D1502080F31188BFF34F8FBFF36F8F53
:10977000FEE7502080F31188BFF34F8FBFF36F8F48
:109780004FF0FF30A86201206861EC6007B0BDE8CF
:10979000304000F057B807B030BD000049444C4598
:1097A000000000004D8B00088C0000200248016B77
:1097B000491C0163704700008C000020164810B55A
:1097C000016B11B10121C16110BD0021C1610169AD
:1097D000124A01E0B9B1491E01EB810352F823306E
:1097E000002BF7D001EB810302EB830202F10804A6
:1097F00053685B685360A34201D15B685360DA68C9
:109800000260016110BD502080F31188BFF34F8FBB
:10981000BFF36F8FFEE700008C00002000120020D5
:1098200007B584B0012105ABCDE9003102920B46AA
:109830000246D0210248F9F70FFB07B000BD000037
:10984000D40C00201CB537480168374A914207D133
:10985000502080F31188BFF34F8FBFF36F8FFEE767
:1098600000683149491E884207D1502080F3118891
:10987000BFF34F8FBFF36F8FFEE72C49087801903D
:10988000FF20087008788DF800009DF800009DF812
:10989000002000F0F000904207D0502080F31188A3
:1098A000BFF34F8FBFF36F8FFEE79DF80000204C92
:1098B00000F0500020700720A06005E09DF8002017
:1098C00052008DF80020401E9DF800201206F5D4AD
:1098D000A060032807D0502080F31188BFF34F8F7A
:1098E000BFF36F8FFEE74FF44070A06001980870DF
:1098F0000C482030016841F470010160016841F0BA
:1099000070410160FFF7A6FD00206060F6F706FDDC
:109910000848016841F040410160F6F7EBFC002087
:109920001CBD000000ED00E071C20F4100E400E04A
:109930000001002034EF00E010B5502080F31188C2
:10994000BFF34F8FBFF36F8F00F000FC18B10449D5
:109950004FF080500860002080F3118810BD000097
:1099600004ED00E0F8B517460E46050013D005FBE0
:1099700006F05030FFF768FB04000AD0002084F89E
:10998000460004F150023B46314628460094FFF75A
:109990000DF92046F8BD502080F31188BFF34F8F9A
:1099A000BFF36F8FFEE738B5049D18B153B1CAB14C
:1099B00081B120E0502080F31188BFF34F8FBFF3B7
:1099C0006F8FFEE7502080F31188BFF34F8FBFF3F6
:1099D0006F8FFEE7502080F31188BFF34F8FBFF3E6
:1099E0006F8FFEE739B1502080F31188BFF34F8F9E
:1099F000BFF36F8FFEE750241C46012384F84630E6
:109A00002B460094FFF7D2F8204638BD70B50D46BE
:109A1000040025D0FFF7B8FCD4E90F20216802FB31
:109A20000011A1600021A163216861600A46D4E9A8
:109A30000F01401E00FB0121E16021464FF0FF3085
:109A400001F8440F487004F110008DB1FFF76AFC73
:109A500004F12400FFF766FCFFF7B6FC012070BD9F
:109A6000502080F31188BFF34F8FBFF36F8FFEE755
:109A700021690029F0D000F049FC0028ECD004490D
:109A80004FF080500860BFF34F8FBFF36F8FE3E755
:109A900004ED00E02DE9FF4782B01D468A464FF0F5
:109AA0000008040003D0BAF1000F08D011E05020E4
:109AB00080F31188BFF34F8FBFF36F8FFEE7206CE9
:109AC00038B1502080F31188BFF34F8FBFF36F8FF1
:109AD000FEE7022D0AD1E06B012807D0502080F369
:109AE0001188BFF34F8FBFF36F8FFEE700F01AFBB3
:109AF0003F4F4FF000094FF0805648B9049838B1F5
:109B0000502080F31188BFF34F8FBFF36F8FFEE7B4
:109B1000FFF73AFCA06BE16B884207D3022D05D01A
:109B20000498D0B1B8F1000F1AD01EE02A46514671
:109B30002046FEF794FF616A19B104F1240000F099
:109B4000E5FB20B13E60BFF34F8FBFF36F8FFFF790
:109B50003BFC012006B0BDE8F087FFF735FC22E0B2
:109B60006846FFF755FD4FF00108FFF72DFCFFF7A2
:109B70001DFEFFF709FC94F94400401C01D184F854
:109B8000449094F94500401C01D184F84590FFF7BA
:109B90001BFC04A9684600F033FA30B12046FFF7F9
:109BA0001DFA00F0EBFB0020D4E7FFF7EDFBA06B04
:109BB000E16B884213D1FFF707FC04F11000049910
:109BC000FFF734FD2046FFF709FA00F0D7FB002825
:109BD0009ED13E60BFF34F8FBFF36F8F98E7FFF7C3
:109BE000F3FB2046FFF7FAF900F0C8FB90E700000E
:109BF00004ED00E02DE9F0471F4690468946040039
:109C000003D0B9F1000F08D011E0502080F3118883
:109C1000BFF34F8FBFF36F8FFEE7206C38B150203A
:109C200080F31188BFF34F8FBFF36F8FFEE7022FD2
:109C30000AD1E06B012807D0502080F31188BFF3D0
:109C40004F8FBFF36F8FFEE7FFF716FC5020EFF347
:109C5000118680F31188BFF34F8FBFF36F8FA06B16
:109C6000E16B884206D3022F04D0002086F31188CE
:109C7000BDE8F08794F94550A06B3A464946204626
:109C8000FEF7EDFE681C04D06D1C84F845500120E1
:109C9000ECE7606A0028FAD004F1240000F036FBFB
:109CA0000028F4D0B8F1000FF1D00121C8F800105D
:109CB000EDE770B50E46040009D0206C78B1502055
:109CC00080F31188BFF34F8FBFF36F8FFEE75020F3
:109CD00080F31188BFF34F8FBFF36F8FFEE72068CB
:109CE00048B9A06838B1502080F31188BFF34F8F76
:109CF000BFF36F8FFEE7FFF7BFFB5020EFF3118537
:109D000080F31188BFF34F8FBFF36F8FA16BE06BB0
:109D1000884218D994F94500491CA163411C04D01C
:109D2000401C84F8450001200EE0606A0028FAD04B
:109D300004F1240000F0EAFA0028F4D0002EF2D05A
:109D400001203060EFE7002085F3118870BD00002E
:109D50002DE9F747002683B08A46040003D0BAF104
:109D6000000F08D011E0502080F31188BFF34F8F0F
:109D7000BFF36F8FFEE7206C38B1502080F311885D
:109D8000BFF34F8FBFF36F8FFEE700F0CBF9DFF823
:109D9000F4804FF000094FF0805748B9059838B16A
:109DA000502080F31188BFF34F8FBFF36F8FFEE712
:109DB000FFF7EAFAA56BC5B151462046FEF73CFE17
:109DC0006D1EA563206950B104F1100000F09EFAE9
:109DD00028B1C8F80070BFF34F8FBFF36F8FFFF744
:109DE000F3FA012006B0BDE8F087059808B11EB16E
:109DF00006E0FFF7E9FA27E06846FFF709FC0126CD
:109E0000FFF7E2FAFFF7D2FCFFF7BEFA94F944003D
:109E1000401C01D184F8449094F94500401C01D1C4
:109E200084F84590FFF7D0FA05A9684600F0E8F8F5
:109E3000002820460AD0FFF7D1F800F09FFA20460C
:109E4000FEF760FF0028B3D00020CBE7FEF75AFFF3
:109E500090B104F124000599FFF7E8FB2046FFF7D5
:109E6000BDF800F08BFA0028A2D1C8F80070BFF34B
:109E70004F8FBFF36F8F9BE72046FFF7AFF800F0DF
:109E80007DFA95E704ED00E02DE9F343002683B069
:109E90000400354609D0206C78B1502080F3118839
:109EA000BFF34F8FBFF36F8FFEE7502080F3118811
:109EB000BFF34F8FBFF36F8FFEE700F033F9DFF88A
:109EC0003C814FF000094FF0805748B9049838B1F1
:109ED000502080F31188BFF34F8FBFF36F8FFEE7E1
:109EE000FFF752FAA06BC8B1401EA063206810B9FA
:109EF000FFF718F9A060206950B104F1100000F0DC
:109F000005FA28B1C8F80070BFF34F8FBFF36F8F09
:109F1000FFF75AFA012005B0BDE8F083049808B1B4
:109F200066B10FE03DB1502080F31188BFF34F8F31
:109F3000BFF36F8FFEE7FFF747FA5DE06846FFF774
:109F400067FB0126FFF740FAFFF730FCFFF71CFA2A
:109F500094F94400401C01D184F8449094F94500E0
:109F6000401C01D184F84590FFF72EFA04A96846F9
:109F700000F046F80028204612D0FFF72FF800F036
:109F8000FDF92046FEF7BEFE0028A9D09DB3FFF7DD
:109F9000FBF9606A50B3206B0068C0F1380126E01D
:109FA000FEF7B0FEE0B1206838B9FFF7EDF9A06820
:109FB00000F070F90546FFF707FA04F12400049950
:109FC000FFF734FB2046FFF709F800F0D7F9002827
:109FD00086D1C8F80070BFF34F8FBFF36F8F7FE754
:109FE0002046FEF7FBFF00F0C9F979E70021A068E1
:109FF000FFF750FB9FE7FFE700208CE704ED00E050
:10A000002DE9F0410C46050011D0C4B1FFF7BCF9B1
:10A01000174BDA686E682068911B471C17D02F68B1
:10A020001B6A9F4219D0964217D8012410E0502095
:10A0300080F31188BFF34F8FBFF36F8FFEE750207F
:10A0400080F31188BFF34F8FBFF36F8FFEE70024BB
:10A05000FFF7BAF92046BDE8F081884205D9401AD9
:10A0600020602846FFF7D4FAF1E700202060DCE703
:10A070008C0000202DE9FF5F8346DDE90E879946BD
:10A0800016468A469000FEF7DFFF05001CD05C20D4
:10A09000FEF7DAFF040014D00020256384F859008D
:10A0A000CDE90240CDE900874B463246514658463D
:10A0B000FEF78EFD2046FEF72BFC012004B0BDE824
:10A0C000F09F2846FFF794F94FF0FF30F6E7F0B520
:10A0D00085B0DDE90B640A9DA6B1DCB15C27009771
:10A0E0002663022684F85960002604AFCDE90246B3
:10A0F000CDE90057FEF76CFD2046FEF709FC0498F9
:10A1000005B0F0BD502080F31188BFF34F8FBFF32F
:10A110006F8FFEE7502080F31188BFF34F8FBFF39E
:10A120006F8FFEE70548416919B1006B18B1002037
:10A130007047012070470220704700008C0000200B
:10A140000148C068704700008C0000202DE9F041F4
:10A150002E4C0027206B28B1A069401CA061384616
:10A16000BDE8F081E668761CE66013D1606B00689C
:10A1700038B1502080F31188BFF34F8FBFF36F8F3A
:10A18000FEE7606BA16B6163A063206A401C2062E4
:10A19000FEF7A4FEA06ADFF87880864209D3606BE0
:10A1A0000068A0B1606BC068C5686868864211D25B
:10A1B000A0622068C06A00EB800158F821000128E5
:10A1C00000D90127E0690028C9D00127C7E74FF06F
:10A1D000FF30EDE7281DFFF77BF8A86A18B105F1FD
:10A1E0001800FFF775F8E86A2169884200D92061F4
:10A1F00000EB800108EB8100291DFFF7B9F8E86A40
:10A200002168C96A8842CAD30127C8E78C000020A8
:10A210000012002070B504004FF0000133D01B4D38
:10A220002868844207D0502080F31188BFF34F8FF5
:10A23000BFF36F8FFEE7206D38B1401E2065E36CE1
:10A24000E26A9A421FD040B11DE0502080F311888D
:10A25000BFF34F8FBFF36F8FFEE7201DFFF738F876
:10A26000E06CE062C0F13800A061E06A29698842D0
:10A2700000D92861064900EB800001EB8000211D18
:10A28000FFF776F80121084670BD00008C00002021
:10A290000012002070B504004FF000002BD0194DC3
:10A2A000E16A2A68D26A914226D2A069002804DBBA
:10A2B0002868C06AC0F13800A061134E01EB81012B
:10A2C000606906EB8101884211D1201DFFF700F87B
:10A2D0002868C06AE0622969884200D9286100EBD9
:10A2E000800006EB8000211DFFF742F802E028689D
:10A2F000C06AE062012070BDE16C2A68D26A9142B6
:10A30000F8D370BD8C0000200012002070B5C0682A
:10A31000C46854B104F118000646FEF7D9FF144D85
:10A32000286B50B13146134815E0502080F3118856
:10A33000BFF34F8FBFF36F8FFEE7201DFEF7C8FFFF
:10A34000E06A2969884200D928610B4900EB800046
:10A3500001EB8000211DFFF70BF8E06A2968C96A4C
:10A36000884202D90120E86170BD002070BD000064
:10A370008C00002088160020001200202DE9F047F4
:10A380002C4D00242746286B38B1FEF7FDFF286BC3
:10A39000401E2863286B40B146E0502080F31188AE
:10A3A000BFF34F8FBFF36F8FFEE7A968224E0120E6
:10A3B000D1B3A6F5916980463068E0B1F068C46811
:10A3C00004F11800FEF784FF201DFEF781FFE06A0C
:10A3D0002969884200D9286100EB800109EB8100DE
:10A3E000211DFEF7C5FFE06A2968C96A8842E3D3E8
:10A3F000C5F81C80E0E70CB1FEF770FDAC694CB10C
:10A400004FEA0806FFF7A2FE00B1EE61641EF9D123
:10A410000020A861E86938B10849012738070860B9
:10A42000BFF34F8FBFF36F8FFEF7CEFF3846BDE807
:10A43000F08700008C0000208816002004ED00E06A
:10A4400010B586B0FEF7CCFA114C2068B8B10020E8
:10A450000390049005AA04A903A8FEF757FFDDE9BD
:10A46000032102208DE8070000230AA10B48059A6A
:10A47000FFF72DFE606010B106B0012010BD502026
:10A4800080F31188BFF34F8FBFF36F8FFEE700009B
:10A49000C8000020546D722053766300B98F000805
:10A4A0002DE9FF411E46134602000A9D4FF00000B1
:10A4B00016D0144C2768002F0FD0CDE9001302925C
:10A4C000062917DAFFF72EFE02284FF000030FD0FF
:10A4D000002269462068FFF7DDFA04B0BDE8F0818C
:10A4E000502080F31188BFF34F8FBFF36F8FFEE7CB
:10A4F0002A46EEE70023324669463846FFF77AFBE4
:10A50000EBE70000C80000202248F0EE400A90ED82
:10A51000040A30EE201A80ED041A90ED030AB4EE1E
:10A52000C01AF1EE10FA01DD80ED040A90ED030A85
:10A5300090ED041AB1EE400AB4EEC01AF1EE10FA32
:10A5400001D280ED040A90ED010A90ED041AD0EDDD
:10A55000051A20EE010A90ED001A70EEE11A01EEE4
:10A56000200A90ED021AC0ED050AD0ED030A01EEB3
:10A57000210AF4EEC00AF1EE10FA01D2B0EE600A40
:10A58000F1EE600AF4EEC00AF1EE10FA01DDB0EE71
:10A59000600A70470C00002004489FED030A80ED1C
:10A5A000040A80ED050A7047000000000C0000203E
:10A5B00010B500290AD00878002807D0054878444B
:10A5C000F7F798F8002801D0002010BD0248784421
:10A5D00010BD0000C2040000BA04000010B500293C
:10A5E0000AD00878002807D005487844F7F782F8A1
:10A5F000002801D0002010BD0248784410BD0000A2
:10A60000B2040000AA0400000808A0F500114FEAF7
:10A610003101704743004FEAD30C4FEA3C0C4340F2
:10A620001FBF40070CF1605113F0FE4F70471CF044
:10A63000006F03D100200CF0004170470CF0004384
:10A6400043EA507010B540EACC0000F00EF800BFAD
:10A65000000000924FEA0001FFF7D6BF4FF0004123
:10A660004FF00000A1F5002170470EF1020E2EF010
:10A67000030E5EF8044B244204D44FEA4102B2F1C7
:10A680007F4F11D84FEA4003B3F17F4F0CD80ED162
:10A690004FEAD07CB2F17F4F0CEB4C0C0CF1020C6A
:10A6A00008BF4CEBD17C04E04FF0080C01E04FEA0E
:10A6B000D17C0CEB4C0324FA03F404F00704B4F14E
:10A6C000040C06D20EEB840CBDE810404CF0010CDB
:10A6D0006047DFE80CF0070802024FF00040A0F5E9
:10A6E000800010BD0846420018BFD2F1807288BFBA
:10A6F00000F0004010BD4FF04070E1EE100A7047CE
:10A70000F6F705BCF6F73ABD000048430000C84222
:10A71000000020410000B442000034420000A0408C
:10A72000780E002000000000001002400020000011
:10A73000C00E0020000000000010024000100000C9
:10A74000080F002008000000000402402000010063
:10A75000500F002000000000000C024080000000AC
:10A76000E80D00200C0000000010024000800100F5
:10A7700048AA0008000000000000000000000000DF
:10A7800000000000000800002000000000000000A1
:10A790000000000030AA00080000000000000000D7
:10A7A0000000000000000000000800002800000079
:10A7B00000000000000000003CAA000800000000AB
:10A7C0000000000000000000000000000008000081
:10A7D00020000000000000000000000054AA000853
:10A7E0000000000000000000000000000000000069
:10A7F000000200001800000000000000000000003F
:10A80000B4000E01300E002000000000300E0020C9
:10A8100008000000000610160006101600000000D8
:10A820000000000001020304060708090000000000
:10A830000102030400000000000000003031323348
:10A840003435363738394142434445464030580064
:10A850003031323334353637383961626364656696
:10A8600040307800040000080000000000000002F2
:10A870000001000010000000000000006E83F9A23B
:10A880002915444ED15727FCC0DD34F5999562DB7C
:10A890004190433CAB6351FE30313233343536376F
:10A8A0003839616263646566787000303132333400
:10A8B0003536373839414243444546585000000048
:10A8C00002400000000000A0000000000540000061
:10A8D000000000C8000000000C4000000000409C88
:10A8E00000000000194000000020BCBE0000000075
:10A8F00034400000BFC91B8E00000004B5400000BA
:10A90000504BCFD06607E2CF010000006C41000041
:10A910003E8251AADFEEA73401000000D9420000B8
:10A92000DCB5A0E23A301F97FFFFFFFFB4450000FF
:10A93000FD25A0C8E9A3C14FFFFFFFFFFF3F0000B7
:10A940000000008000000000FF3F000000000080C9
:10A95000000000005B7461736B5D2063616C696271
:10A960007261746520206F6B3D256420737461747F
:10A970003D256420647864793D2825642C2564296C
:10A98000707820706F736528252E31662C252E3146
:10A99000662C252E3166290D0A0000005B6779724E
:10A9A0006F5D2063616C696220646F6E652C20545A
:10A9B0003D252E3166433B2072756E74696D6520AE
:10A9C000626961732D747261636B696E6720262002
:10A9D0006175746F2D726563616C6962204F4E0DF5
:10A9E0000A0000000D0A5B7461736B5D2061757471
:10A9F0006F2D6379636C652073746172743A20669D
:10AA00006F7277617264203530306D6D202D3E207D
:10AA100072657475726E202D3E2063616C6962727E
:10AA2000617465202D3E206C6F6F700D0A00000070
:10AA30006779726F5461736B00000000636C616D25
:10AA4000705461736B0000006368617373697354C1
:10AA500061736B0064656661756C745461736B003F
:10AA6000ACAB0008000000200C010000C40100088D
:10AA7000B8AC00080C010020EC5F0000E001000809
:10AA80001C00000043000000F8FFFFFF0C00000066
:10AA90000E0000000F0000002E000000100100005A
:10AAA00043000000F8FFFFFF0040404040404040AE
:10AAB0004040414141414140404040404040404091
:10AAC0004040404040404040400502020202020235
:10AAD0000202020202020202022020202020202084
:10AAE0002020200202020202020290909090909098
:10AAF0001010101010101010101010101010101056
:10AB000010101010020202020202888888888888C9
:10AB100008080808080808080808080808080808B5
:10AB200008080808020202024000000000000000BD
:10AB30000000000000000000000000000000000015
:10AB40000000000000000000000000000000000005
:10AB500000000000000000000000000000000000F5
:10AB600000000000000000000000000000000000E5
:10AB700000000000000000000000000000000000D5
:10AB800000000000000000000000000000000000C5
:10AB900000000000000000000000000000000000B5
:10ABA00000000000000000000000000000007A42E9
:10ABB0000000D24200001642000000408FC2F53C67
:10ABC0006F12833A00008242000000000000000083
:10ABD0000000000000000000000000000000000075
:10ABE0000000000000000000000000000000000065
:10ABF0000000000000000000000000000000000055
:10AC00000000000000000000000000000000000044
:10AC10000000000000000000000000000000000034
:10AC20000000000000000000010000001000000013
:10AC3000000000000024F4000000000000000000FC
:10AC40000000000000000000000000000000000004
:10AC500000000000000000000000000000000000F4
:10AC600000000000000000000000000000000000E4
:10AC700000000000000000000000000000000000D4
:10AC800000000000000000000000000000000000C4
:10AC900000000000000000000000000000000000B4
:10ACA00000000000000000000000000000000000A4
:08ACB000AAAAAAAA00000000F4
:040000050800018965
:00000001FF
